family_name,raw_label,canonical_label,material,indice_refracao,base_price,compatible_treatments,source_page_reference,confidence_level
VARILUX® XR SERIES,Airwear,VARILUX® XR SERIES DIGITAL XR Pro Airwear,Policarbonato,1.59,11069.0,"Crizal Prevencia=11449.0, Crizal Sapphire HR=11449.0, Optifog=11069.0",Pagina 11,0.86
VARILUX® XR SERIES,Airwear + Transitions Extractive,VARILUX® XR SERIES DIGITAL XR Pro Airwear + Transitions Extractive,Policarbonato,1.59,12649.0,"Crizal Prevencia=13029.0, Crizal Sapphire HR=13029.0, Optifog=12649.0",Pagina 11,0.86
VARILUX® XR SERIES,Airwear + Transitions Gen S,VARILUX® XR SERIES DIGITAL XR Pro Airwear + Transitions Gen S,Policarbonato,1.59,12589.0,"Crizal Prevencia=12969.0, Crizal Sapphire HR=12969.0, Optifog=12589.0",Pagina 11,0.86
VARILUX® XR SERIES,Orma,VARILUX® XR SERIES DIGITAL XR Pro Orma,Resina,1.5,10649.0,"Crizal Prevencia=11029.0, Crizal Sapphire HR=11029.0, Optifog=10649.0",Pagina 11,0.86
VARILUX® XR SERIES,Orma + Transitions Extractive,VARILUX® XR SERIES DIGITAL XR Pro Orma + Transitions Extractive,Resina,1.5,12229.0,"Crizal Prevencia=12609.0, Crizal Sapphire HR=12609.0, Optifog=12229.0",Pagina 11,0.86
VARILUX® XR SERIES,Orma + Transitions Gen S,VARILUX® XR SERIES DIGITAL XR Pro Orma + Transitions Gen S,Resina,1.5,12169.0,"Crizal Prevencia=12549.0, Crizal Sapphire HR=12549.0, Optifog=12169.0",Pagina 11,0.86
VARILUX® XR SERIES,Stylis 1.67,VARILUX® XR SERIES DIGITAL XR Pro Stylis 1.67,Resina High Index,1.67,13849.0,"Crizal Prevencia=14229.0, Crizal Sapphire HR=14229.0, Optifog=13849.0",Pagina 11,0.86
VARILUX® XR SERIES,Stylis 1.67 + Transitions Extractive,VARILUX® XR SERIES DIGITAL XR Pro Stylis 1.67 + Transitions Extractive,Resina High Index,1.67,15429.0,"Crizal Prevencia=15809.0, Crizal Sapphire HR=15809.0, Optifog=15429.0",Pagina 11,0.86
VARILUX® XR SERIES,Stylis 1.67 + Transitions Gen S,VARILUX® XR SERIES DIGITAL XR Pro Stylis 1.67 + Transitions Gen S,Resina High Index,1.67,15369.0,"Crizal Prevencia=15749.0, Crizal Sapphire HR=15749.0, Optifog=15369.0",Pagina 11,0.86
VARILUX® XR SERIES,Stylis 1.74,VARILUX® XR SERIES DIGITAL XR Pro Stylis 1.74,Resina High Index,1.74,16099.0,Crizal Sapphire HR=16099.0,Pagina 11,0.86
VARILUX® XR SERIES,Stylis 1.74 + Transitions Gen S,VARILUX® XR SERIES DIGITAL XR Pro Stylis 1.74 + Transitions Gen S,Resina High Index,1.74,17619.0,Crizal Sapphire HR=17619.0,Pagina 11,0.86
VARILUX® XR SERIES,Airwear,VARILUX® XR SERIES SOLARES / COLORAÇÃO XR Pro Airwear,Policarbonato,1.59,10609.0,Verniz Hc=10609.0,Pagina 11,0.78
VARILUX® XR SERIES,Airwear + Xperio cinza/marrom,VARILUX® XR SERIES SOLARES / COLORAÇÃO XR Pro Airwear + Xperio cinza/marrom,Policarbonato,1.59,11119.0,"Crizal Sapphire HR=11779.0, Optifog=11759.0, Verniz Hc=11119.0",Pagina 11,0.78
VARILUX® XR SERIES,Orma,VARILUX® XR SERIES SOLARES / COLORAÇÃO XR Pro Orma,Resina,1.5,10189.0,Verniz Hc=10189.0,Pagina 11,0.78
VARILUX® XR SERIES,Orma + Coloração especial,VARILUX® XR SERIES SOLARES / COLORAÇÃO XR Pro Orma + Coloração especial,Resina,1.5,10299.0,Verniz Hc=10299.0,Pagina 11,0.78
VARILUX® XR SERIES,Orma + Xperio cinza/marrom,VARILUX® XR SERIES SOLARES / COLORAÇÃO XR Pro Orma + Xperio cinza/marrom,Resina,1.5,10699.0,"Crizal Sapphire HR=11359.0, Optifog=11339.0, Verniz Hc=10699.0",Pagina 11,0.78
VARILUX® XR SERIES,Airwear,VARILUX® XR SERIES DIGITAL XR Track Airwear,Policarbonato,1.59,6589.0,"Crizal Prevencia=7209.0, Crizal Sapphire HR=7209.0, Crizal Rock=6939.0, Crizal Easy Pro=6589.0, Optifog=6829.0",Pagina 12,0.86
VARILUX® XR SERIES,Airwear + Transitions Extractive,VARILUX® XR SERIES DIGITAL XR Track Airwear + Transitions Extractive,Policarbonato,1.59,8169.0,"Crizal Prevencia=8789.0, Crizal Sapphire HR=8789.0, Crizal Rock=8519.0, Crizal Easy Pro=8169.0, Optifog=8409.0",Pagina 12,0.86
VARILUX® XR SERIES,Airwear + Transitions Gen S,VARILUX® XR SERIES DIGITAL XR Track Airwear + Transitions Gen S,Policarbonato,1.59,8109.0,"Crizal Prevencia=8729.0, Crizal Sapphire HR=8729.0, Crizal Rock=8459.0, Crizal Easy Pro=8109.0, Optifog=8349.0",Pagina 12,0.86
VARILUX® XR SERIES,Orma,VARILUX® XR SERIES DIGITAL XR Track Orma,Resina,1.5,6169.0,"Crizal Prevencia=6789.0, Crizal Sapphire HR=6789.0, Crizal Rock=6519.0, Crizal Easy Pro=6169.0, Optifog=6409.0",Pagina 12,0.86
VARILUX® XR SERIES,Orma + Transitions Extractive,VARILUX® XR SERIES DIGITAL XR Track Orma + Transitions Extractive,Resina,1.5,7749.0,"Crizal Prevencia=8369.0, Crizal Sapphire HR=8369.0, Crizal Rock=8099.0, Crizal Easy Pro=7749.0, Optifog=7989.0",Pagina 12,0.86
VARILUX® XR SERIES,Orma + Transitions Gen S,VARILUX® XR SERIES DIGITAL XR Track Orma + Transitions Gen S,Resina,1.5,7689.0,"Crizal Prevencia=8309.0, Crizal Sapphire HR=8309.0, Crizal Rock=8039.0, Crizal Easy Pro=7689.0, Optifog=7929.0",Pagina 12,0.86
VARILUX® XR SERIES,Stylis 1.67,VARILUX® XR SERIES DIGITAL XR Track Stylis 1.67,Resina High Index,1.67,9369.0,"Crizal Prevencia=9989.0, Crizal Sapphire HR=9989.0, Crizal Rock=9719.0, Crizal Easy Pro=9369.0, Optifog=9609.0",Pagina 12,0.86
VARILUX® XR SERIES,Stylis 1.67 + Transitions Extractive,VARILUX® XR SERIES DIGITAL XR Track Stylis 1.67 + Transitions Extractive,Resina High Index,1.67,10949.0,"Crizal Prevencia=11569.0, Crizal Sapphire HR=11569.0, Crizal Rock=11299.0, Crizal Easy Pro=10949.0, Optifog=11189.0",Pagina 12,0.86
VARILUX® XR SERIES,Stylis 1.67 + Transitions Gen S,VARILUX® XR SERIES DIGITAL XR Track Stylis 1.67 + Transitions Gen S,Resina High Index,1.67,10889.0,"Crizal Prevencia=11509.0, Crizal Sapphire HR=11509.0, Crizal Rock=11239.0, Crizal Easy Pro=10889.0, Optifog=11129.0",Pagina 12,0.86
VARILUX® XR SERIES,Stylis 1.74,VARILUX® XR SERIES DIGITAL XR Track Stylis 1.74,Resina High Index,1.74,11859.0,Crizal Sapphire HR=11859.0,Pagina 12,0.86
VARILUX® XR SERIES,Stylis 1.74 + Transitions Gen S,VARILUX® XR SERIES DIGITAL XR Track Stylis 1.74 + Transitions Gen S,Resina High Index,1.74,13379.0,Crizal Sapphire HR=13379.0,Pagina 12,0.86
VARILUX® XR SERIES,Airwear,VARILUX® XR SERIES SOLARES / COLORAÇÃO XR Track Airwear,Policarbonato,1.59,6369.0,Verniz Hc=6369.0,Pagina 12,0.78
VARILUX® XR SERIES,Airwear + Xperio cinza/marrom,VARILUX® XR SERIES SOLARES / COLORAÇÃO XR Track Airwear + Xperio cinza/marrom,Policarbonato,1.59,6879.0,"Crizal Sapphire HR=7539.0, Optifog=7519.0, Verniz Hc=6879.0",Pagina 12,0.78
VARILUX® XR SERIES,Orma,VARILUX® XR SERIES SOLARES / COLORAÇÃO XR Track Orma,Resina,1.5,5949.0,Verniz Hc=5949.0,Pagina 12,0.78
VARILUX® XR SERIES,Orma + Coloração especial,VARILUX® XR SERIES SOLARES / COLORAÇÃO XR Track Orma + Coloração especial,Resina,1.5,6059.0,Verniz Hc=6059.0,Pagina 12,0.78
VARILUX® XR SERIES,Orma + Xperio cinza/marrom,VARILUX® XR SERIES SOLARES / COLORAÇÃO XR Track Orma + Xperio cinza/marrom,Resina,1.5,6459.0,"Crizal Sapphire HR=7119.0, Optifog=7099.0, Verniz Hc=6459.0",Pagina 12,0.78
VARILUX® XR SERIES,Airwear,VARILUX® XR SERIES DIGITAL XR Track Lite Airwear,Policarbonato,1.59,6309.0,"Crizal Prevencia=6929.0, Crizal Sapphire HR=6929.0, Crizal Rock=6659.0, Crizal Easy Pro=6309.0, Optifog=6549.0",Pagina 13,0.86
VARILUX® XR SERIES,Airwear + Transitions Extractive,VARILUX® XR SERIES DIGITAL XR Track Lite Airwear + Transitions Extractive,Policarbonato,1.59,7889.0,"Crizal Prevencia=8509.0, Crizal Sapphire HR=8509.0, Crizal Rock=8239.0, Crizal Easy Pro=7889.0, Optifog=8129.0",Pagina 13,0.86
VARILUX® XR SERIES,Airwear + Transitions Gen S,VARILUX® XR SERIES DIGITAL XR Track Lite Airwear + Transitions Gen S,Policarbonato,1.59,7829.0,"Crizal Prevencia=8449.0, Crizal Sapphire HR=8449.0, Crizal Rock=8179.0, Crizal Easy Pro=7829.0, Optifog=8069.0",Pagina 13,0.86
VARILUX® XR SERIES,Orma,VARILUX® XR SERIES DIGITAL XR Track Lite Orma,Resina,1.5,5889.0,"Crizal Prevencia=6509.0, Crizal Sapphire HR=6509.0, Crizal Rock=6239.0, Crizal Easy Pro=5889.0, Optifog=6129.0",Pagina 13,0.86
VARILUX® XR SERIES,Orma + Transitions Extractive,VARILUX® XR SERIES DIGITAL XR Track Lite Orma + Transitions Extractive,Resina,1.5,7469.0,"Crizal Prevencia=8089.0, Crizal Sapphire HR=8089.0, Crizal Rock=7819.0, Crizal Easy Pro=7469.0, Optifog=7709.0",Pagina 13,0.86
VARILUX® XR SERIES,Orma + Transitions Gen S,VARILUX® XR SERIES DIGITAL XR Track Lite Orma + Transitions Gen S,Resina,1.5,7409.0,"Crizal Prevencia=8029.0, Crizal Sapphire HR=8029.0, Crizal Rock=7759.0, Crizal Easy Pro=7409.0, Optifog=7649.0",Pagina 13,0.86
VARILUX® XR SERIES,Stylis 1.67,VARILUX® XR SERIES DIGITAL XR Track Lite Stylis 1.67,Resina High Index,1.67,9089.0,"Crizal Prevencia=9709.0, Crizal Sapphire HR=9709.0, Crizal Rock=9439.0, Crizal Easy Pro=9089.0, Optifog=9329.0",Pagina 13,0.86
VARILUX® XR SERIES,Stylis 1.67 + Transitions Extractive,VARILUX® XR SERIES DIGITAL XR Track Lite Stylis 1.67 + Transitions Extractive,Resina High Index,1.67,10669.0,"Crizal Prevencia=11289.0, Crizal Sapphire HR=11289.0, Crizal Rock=11019.0, Crizal Easy Pro=10669.0, Optifog=10909.0",Pagina 13,0.86
VARILUX® XR SERIES,Stylis 1.67 + Transitions Gen S,VARILUX® XR SERIES DIGITAL XR Track Lite Stylis 1.67 + Transitions Gen S,Resina High Index,1.67,10609.0,"Crizal Prevencia=11229.0, Crizal Sapphire HR=11229.0, Crizal Rock=10959.0, Crizal Easy Pro=10609.0, Optifog=10849.0",Pagina 13,0.86
VARILUX® XR SERIES,Stylis 1.74,VARILUX® XR SERIES DIGITAL XR Track Lite Stylis 1.74,Resina High Index,1.74,11579.0,Crizal Sapphire HR=11579.0,Pagina 13,0.86
VARILUX® XR SERIES,Stylis 1.74 + Transitions Gen S,VARILUX® XR SERIES DIGITAL XR Track Lite Stylis 1.74 + Transitions Gen S,Resina High Index,1.74,13099.0,Crizal Sapphire HR=13099.0,Pagina 13,0.86
VARILUX® XR SERIES,Airwear,VARILUX® XR SERIES SOLARES / COLORAÇÃO XR Track Lite Airwear,Policarbonato,1.59,6089.0,Verniz Hc=6089.0,Pagina 13,0.78
VARILUX® XR SERIES,Airwear + Xperio cinza/marrom,VARILUX® XR SERIES SOLARES / COLORAÇÃO XR Track Lite Airwear + Xperio cinza/marrom,Policarbonato,1.59,6599.0,"Crizal Sapphire HR=7259.0, Optifog=7239.0, Verniz Hc=6599.0",Pagina 13,0.78
VARILUX® XR SERIES,Orma,VARILUX® XR SERIES SOLARES / COLORAÇÃO XR Track Lite Orma,Resina,1.5,5669.0,Verniz Hc=5669.0,Pagina 13,0.78
VARILUX® XR SERIES,Orma + Coloração especial,VARILUX® XR SERIES SOLARES / COLORAÇÃO XR Track Lite Orma + Coloração especial,Resina,1.5,5779.0,Verniz Hc=5779.0,Pagina 13,0.78
VARILUX® XR SERIES,Orma + Xperio cinza/marrom,VARILUX® XR SERIES SOLARES / COLORAÇÃO XR Track Lite Orma + Xperio cinza/marrom,Resina,1.5,6179.0,"Crizal Sapphire HR=6839.0, Optifog=6819.0, Verniz Hc=6179.0",Pagina 13,0.78
VARILUX® XR SERIES,Airwear,VARILUX® XR SERIES DIGITAL XR Design Airwear,Policarbonato,1.59,5669.0,"Crizal Prevencia=6289.0, Crizal Sapphire HR=6289.0, Crizal Rock=6019.0, Crizal Easy Pro=5669.0, Optifog=5909.0",Pagina 14,0.86
VARILUX® XR SERIES,Airwear + Transitions Extractive,VARILUX® XR SERIES DIGITAL XR Design Airwear + Transitions Extractive,Policarbonato,1.59,7249.0,"Crizal Prevencia=7869.0, Crizal Sapphire HR=7869.0, Crizal Rock=7599.0, Crizal Easy Pro=7249.0, Optifog=7489.0",Pagina 14,0.86
VARILUX® XR SERIES,Airwear + Transitions Gen S,VARILUX® XR SERIES DIGITAL XR Design Airwear + Transitions Gen S,Policarbonato,1.59,7189.0,"Crizal Prevencia=7809.0, Crizal Sapphire HR=7809.0, Crizal Rock=7539.0, Crizal Easy Pro=7189.0, Optifog=7429.0",Pagina 14,0.86
VARILUX® XR SERIES,Orma,VARILUX® XR SERIES DIGITAL XR Design Orma,Resina,1.5,5249.0,"Crizal Prevencia=5869.0, Crizal Sapphire HR=5869.0, Crizal Rock=5599.0, Crizal Easy Pro=5249.0, Optifog=5489.0",Pagina 14,0.86
VARILUX® XR SERIES,Orma + Transitions Extractive,VARILUX® XR SERIES DIGITAL XR Design Orma + Transitions Extractive,Resina,1.5,6829.0,"Crizal Prevencia=7449.0, Crizal Sapphire HR=7449.0, Crizal Rock=7179.0, Crizal Easy Pro=6829.0, Optifog=7069.0",Pagina 14,0.86
VARILUX® XR SERIES,Orma + Transitions Gen S,VARILUX® XR SERIES DIGITAL XR Design Orma + Transitions Gen S,Resina,1.5,6769.0,"Crizal Prevencia=7389.0, Crizal Sapphire HR=7389.0, Crizal Rock=7119.0, Crizal Easy Pro=6769.0, Optifog=7009.0",Pagina 14,0.86
VARILUX® XR SERIES,Stylis 1.67,VARILUX® XR SERIES DIGITAL XR Design Stylis 1.67,Resina High Index,1.67,8449.0,"Crizal Prevencia=9069.0, Crizal Sapphire HR=9069.0, Crizal Rock=8799.0, Crizal Easy Pro=8449.0, Optifog=8689.0",Pagina 14,0.86
VARILUX® XR SERIES,Stylis 1.67 + Transitions Extractive,VARILUX® XR SERIES DIGITAL XR Design Stylis 1.67 + Transitions Extractive,Resina High Index,1.67,10029.0,"Crizal Prevencia=10649.0, Crizal Sapphire HR=10649.0, Crizal Rock=10379.0, Crizal Easy Pro=10029.0, Optifog=10269.0",Pagina 14,0.86
VARILUX® XR SERIES,Stylis 1.67 + Transitions Gen S,VARILUX® XR SERIES DIGITAL XR Design Stylis 1.67 + Transitions Gen S,Resina High Index,1.67,9969.0,"Crizal Prevencia=10589.0, Crizal Sapphire HR=10589.0, Crizal Rock=10319.0, Crizal Easy Pro=9969.0, Optifog=10209.0",Pagina 14,0.86
VARILUX® XR SERIES,Stylis 1.74,VARILUX® XR SERIES DIGITAL XR Design Stylis 1.74,Resina High Index,1.74,10939.0,Crizal Sapphire HR=10939.0,Pagina 14,0.86
VARILUX® XR SERIES,Stylis 1.74 + Transitions Gen S,VARILUX® XR SERIES DIGITAL XR Design Stylis 1.74 + Transitions Gen S,Resina High Index,1.74,12459.0,Crizal Sapphire HR=12459.0,Pagina 14,0.86
VARILUX® XR SERIES,Airwear,VARILUX® XR SERIES SOLARES / COLORAÇÃO XR Design Airwear,Policarbonato,1.59,5449.0,Verniz Hc=5449.0,Pagina 14,0.78
VARILUX® XR SERIES,Airwear + Xperio cinza/marrom,VARILUX® XR SERIES SOLARES / COLORAÇÃO XR Design Airwear + Xperio cinza/marrom,Policarbonato,1.59,5959.0,"Crizal Sapphire HR=6619.0, Optifog=6599.0, Verniz Hc=5959.0",Pagina 14,0.78
VARILUX® XR SERIES,Orma,VARILUX® XR SERIES SOLARES / COLORAÇÃO XR Design Orma,Resina,1.5,5029.0,Verniz Hc=5029.0,Pagina 14,0.78
VARILUX® XR SERIES,Orma + Coloração especial,VARILUX® XR SERIES SOLARES / COLORAÇÃO XR Design Orma + Coloração especial,Resina,1.5,5139.0,Verniz Hc=5139.0,Pagina 14,0.78
VARILUX® XR SERIES,Orma + Xperio cinza/marrom,VARILUX® XR SERIES SOLARES / COLORAÇÃO XR Design Orma + Xperio cinza/marrom,Resina,1.5,5539.0,"Crizal Sapphire HR=6199.0, Optifog=6179.0, Verniz Hc=5539.0",Pagina 14,0.78
VARILUX® Physio® Extensee,Airwear + Coloração padrão,VARILUX® Physio® Extensee COLORAÇÃO Essilor Fit Eyecode | CVP Airwear + Coloração padrão,Policarbonato,1.59,3279.0,Verniz Hc=3279.0,Pagina 15,0.78
VARILUX® Physio® Extensee,Orma + Coloração especial,VARILUX® Physio® Extensee COLORAÇÃO Essilor Fit Eyecode | CVP Orma + Coloração especial,Resina,1.5,3089.0,Verniz Hc=3089.0,Pagina 15,0.78
VARILUX® Physio® Extensee,Orma + Coloração padrão,VARILUX® Physio® Extensee COLORAÇÃO Essilor Fit Eyecode | CVP Orma + Coloração padrão,Resina,1.5,2979.0,Verniz Hc=2979.0,Pagina 15,0.78
VARILUX® Physio® Extensee,Airwear,VARILUX® Physio® Extensee Essilor Fit Eyecode | CVP Airwear,Policarbonato,1.59,3499.0,"Crizal Prevencia=4119.0, Crizal Sapphire HR=4119.0, Crizal Rock=3849.0, Crizal Easy Pro=3499.0, Optifog=3739.0",Pagina 15,0.86
VARILUX® Physio® Extensee,Airwear + Transitions Extractive,VARILUX® Physio® Extensee Essilor Fit Eyecode | CVP Airwear + Transitions Extractive,Policarbonato,1.59,4629.0,"Crizal Prevencia=5249.0, Crizal Sapphire HR=5249.0, Crizal Rock=4979.0, Crizal Easy Pro=4629.0, Optifog=4869.0",Pagina 15,0.86
VARILUX® Physio® Extensee,Airwear + Transitions Gen S,VARILUX® Physio® Extensee Essilor Fit Eyecode | CVP Airwear + Transitions Gen S,Policarbonato,1.59,4599.0,"Crizal Prevencia=5219.0, Crizal Sapphire HR=5219.0, Crizal Rock=4949.0, Crizal Easy Pro=4599.0, Optifog=4839.0",Pagina 15,0.86
VARILUX® Physio® Extensee,Orma,VARILUX® Physio® Extensee Essilor Fit Eyecode | CVP Orma,Resina,1.5,3199.0,"Crizal Prevencia=3819.0, Crizal Sapphire HR=3819.0, Crizal Rock=3549.0, Crizal Easy Pro=3199.0, Optifog=3439.0",Pagina 15,0.86
VARILUX® Physio® Extensee,Orma + Blue UV Filter,VARILUX® Physio® Extensee Essilor Fit Eyecode | CVP Orma + Blue UV Filter,Resina,1.5,3369.0,"Crizal Prevencia=3989.0, Crizal Sapphire HR=3989.0, Crizal Rock=3719.0, Crizal Easy Pro=3369.0, Optifog=3609.0",Pagina 15,0.86
VARILUX® Physio® Extensee,Orma + Transitions Gen S,VARILUX® Physio® Extensee Essilor Fit Eyecode | CVP Orma + Transitions Gen S,Resina,1.5,4299.0,"Crizal Prevencia=4919.0, Crizal Sapphire HR=4919.0, Crizal Rock=4649.0, Crizal Easy Pro=4299.0, Optifog=4539.0",Pagina 15,0.86
VARILUX® Physio® Extensee,Stylis 1.67,VARILUX® Physio® Extensee Essilor Fit Eyecode | CVP Stylis 1.67,Resina High Index,1.67,5489.0,"Crizal Prevencia=6109.0, Crizal Sapphire HR=6109.0, Crizal Rock=5839.0, Crizal Easy Pro=5489.0, Optifog=5729.0",Pagina 15,0.86
VARILUX® Physio® Extensee,Stylis 1.67 + Transitions Gen S,VARILUX® Physio® Extensee Essilor Fit Eyecode | CVP Stylis 1.67 + Transitions Gen S,Resina High Index,1.67,6589.0,"Crizal Prevencia=7209.0, Crizal Sapphire HR=7209.0, Crizal Rock=6939.0, Crizal Easy Pro=6589.0, Optifog=6829.0",Pagina 15,0.86
VARILUX® Physio® Extensee,Stylis 1.74,VARILUX® Physio® Extensee Essilor Fit Eyecode | CVP Stylis 1.74,Resina High Index,1.74,7449.0,Crizal Sapphire HR=7449.0,Pagina 15,0.86
VARILUX® Physio® Extensee,Airwear + Coloração padrão,VARILUX® Physio® Extensee COLORAÇÃO Essilor Fit Eyecode Airwear + Coloração padrão,Policarbonato,1.59,2889.0,Verniz Hc=2889.0,Pagina 16,0.78
VARILUX® Physio® Extensee,Orma + Coloração especial,VARILUX® Physio® Extensee COLORAÇÃO Essilor Fit Eyecode Orma + Coloração especial,Resina,1.5,2699.0,Verniz Hc=2699.0,Pagina 16,0.78
VARILUX® Physio® Extensee,Orma + Coloração padrão,VARILUX® Physio® Extensee COLORAÇÃO Essilor Fit Eyecode Orma + Coloração padrão,Resina,1.5,2589.0,Verniz Hc=2589.0,Pagina 16,0.78
VARILUX® Physio® Extensee,Airwear,VARILUX® Physio® Extensee Essilor Fit Eyecode Airwear,Policarbonato,1.59,3109.0,"Crizal Prevencia=3729.0, Crizal Sapphire HR=3729.0, Crizal Rock=3459.0, Crizal Easy Pro=3109.0, Optifog=3349.0",Pagina 16,0.86
VARILUX® Physio® Extensee,Airwear + Transitions Extractive,VARILUX® Physio® Extensee Essilor Fit Eyecode Airwear + Transitions Extractive,Policarbonato,1.59,4239.0,"Crizal Prevencia=4859.0, Crizal Sapphire HR=4859.0, Crizal Rock=4589.0, Crizal Easy Pro=4239.0, Optifog=4479.0",Pagina 16,0.86
VARILUX® Physio® Extensee,Airwear + Transitions Gen S,VARILUX® Physio® Extensee Essilor Fit Eyecode Airwear + Transitions Gen S,Policarbonato,1.59,4209.0,"Crizal Prevencia=4829.0, Crizal Sapphire HR=4829.0, Crizal Rock=4559.0, Crizal Easy Pro=4209.0, Optifog=4449.0",Pagina 16,0.86
VARILUX® Physio® Extensee,Orma,VARILUX® Physio® Extensee Essilor Fit Eyecode Orma,Resina,1.5,2809.0,"Crizal Prevencia=3429.0, Crizal Sapphire HR=3429.0, Crizal Rock=3159.0, Crizal Easy Pro=2809.0, Optifog=3049.0",Pagina 16,0.86
VARILUX® Physio® Extensee,Orma + Blue UV Filter,VARILUX® Physio® Extensee Essilor Fit Eyecode Orma + Blue UV Filter,Resina,1.5,2979.0,"Crizal Prevencia=3599.0, Crizal Sapphire HR=3599.0, Crizal Rock=3329.0, Crizal Easy Pro=2979.0, Optifog=3219.0",Pagina 16,0.86
VARILUX® Physio® Extensee,Orma + Transitions Gen S,VARILUX® Physio® Extensee Essilor Fit Eyecode Orma + Transitions Gen S,Resina,1.5,3909.0,"Crizal Prevencia=4529.0, Crizal Sapphire HR=4529.0, Crizal Rock=4259.0, Crizal Easy Pro=3909.0, Optifog=4149.0",Pagina 16,0.86
VARILUX® Physio® Extensee,Stylis 1.67,VARILUX® Physio® Extensee Essilor Fit Eyecode Stylis 1.67,Resina High Index,1.67,5099.0,"Crizal Prevencia=5719.0, Crizal Sapphire HR=5719.0, Crizal Rock=5449.0, Crizal Easy Pro=5099.0, Optifog=5339.0",Pagina 16,0.86
VARILUX® Physio® Extensee,Stylis 1.67 + Transitions Gen S,VARILUX® Physio® Extensee Essilor Fit Eyecode Stylis 1.67 + Transitions Gen S,Resina High Index,1.67,6199.0,"Crizal Prevencia=6819.0, Crizal Sapphire HR=6819.0, Crizal Rock=6549.0, Crizal Easy Pro=6199.0, Optifog=6439.0",Pagina 16,0.86
VARILUX® Physio® Extensee,Stylis 1.74,VARILUX® Physio® Extensee Essilor Fit Eyecode Stylis 1.74,Resina High Index,1.74,7059.0,Crizal Sapphire HR=7059.0,Pagina 16,0.86
VARILUX® COMFORT,Airwear,VARILUX® COMFORT DIGITAL Airwear,Policarbonato,1.59,1799.0,"Crizal Prevencia=2819.0, Crizal Sapphire HR=2819.0, Crizal Rock=2549.0, Crizal Easy Pro=2199.0, Optifog=2439.0, Trio Easy Clean=1999.0, Verniz Hc=1799.0",Pagina 17,0.86
VARILUX® COMFORT,Airwear + Transitions Extractive,VARILUX® COMFORT DIGITAL Airwear + Transitions Extractive,Policarbonato,1.59,2929.0,"Crizal Prevencia=3949.0, Crizal Sapphire HR=3949.0, Crizal Rock=3679.0, Crizal Easy Pro=3329.0, Optifog=3569.0, Trio Easy Clean=3129.0, Verniz Hc=2929.0",Pagina 17,0.86
VARILUX® COMFORT,Airwear + Transitions Gen S,VARILUX® COMFORT DIGITAL Airwear + Transitions Gen S,Policarbonato,1.59,2899.0,"Crizal Prevencia=3919.0, Crizal Sapphire HR=3919.0, Crizal Rock=3649.0, Crizal Easy Pro=3299.0, Optifog=3539.0, Trio Easy Clean=3099.0, Verniz Hc=2899.0",Pagina 17,0.86
VARILUX® COMFORT,Orma,VARILUX® COMFORT DIGITAL Orma,Resina,1.5,1499.0,"Crizal Prevencia=2519.0, Crizal Sapphire HR=2519.0, Crizal Rock=2249.0, Crizal Easy Pro=1899.0, Optifog=2139.0, Trio Easy Clean=1699.0, Verniz Hc=1499.0",Pagina 17,0.86
VARILUX® COMFORT,Orma + Blue UV Filter,VARILUX® COMFORT DIGITAL Orma + Blue UV Filter,Resina,1.5,1669.0,"Crizal Prevencia=2689.0, Crizal Sapphire HR=2689.0, Crizal Rock=2419.0, Crizal Easy Pro=2069.0, Optifog=2309.0, Trio Easy Clean=1869.0, Verniz Hc=1669.0",Pagina 17,0.86
VARILUX® COMFORT,Orma + Transitions Extractive,VARILUX® COMFORT DIGITAL Orma + Transitions Extractive,Resina,1.5,2629.0,"Crizal Prevencia=3649.0, Crizal Sapphire HR=3649.0, Crizal Rock=3379.0, Crizal Easy Pro=3029.0, Optifog=3269.0, Trio Easy Clean=2829.0, Verniz Hc=2629.0",Pagina 17,0.86
VARILUX® COMFORT,Orma + Transitions Gen S,VARILUX® COMFORT DIGITAL Orma + Transitions Gen S,Resina,1.5,2599.0,"Crizal Prevencia=3619.0, Crizal Sapphire HR=3619.0, Crizal Rock=3349.0, Crizal Easy Pro=2999.0, Optifog=3239.0, Trio Easy Clean=2799.0, Verniz Hc=2599.0",Pagina 17,0.86
VARILUX® COMFORT,Stylis 1.67,VARILUX® COMFORT DIGITAL Stylis 1.67,Resina High Index,1.67,4189.0,"Crizal Prevencia=4809.0, Crizal Sapphire HR=4809.0, Crizal Rock=4539.0, Crizal Easy Pro=4189.0, Optifog=4429.0",Pagina 17,0.86
VARILUX® COMFORT,Stylis 1.67 + Transitions Gen S,VARILUX® COMFORT DIGITAL Stylis 1.67 + Transitions Gen S,Resina High Index,1.67,5289.0,"Crizal Prevencia=5909.0, Crizal Sapphire HR=5909.0, Crizal Rock=5639.0, Crizal Easy Pro=5289.0, Optifog=5529.0",Pagina 17,0.86
VARILUX® COMFORT,Airwear,VARILUX® COMFORT DIGITAL short Airwear,Policarbonato,1.59,1799.0,"Crizal Prevencia=2819.0, Crizal Sapphire HR=2819.0, Crizal Rock=2549.0, Crizal Easy Pro=2199.0, Optifog=2439.0, Trio Easy Clean=1999.0",Pagina 18,0.86
VARILUX® COMFORT,Airwear + Transitions Gen S,VARILUX® COMFORT DIGITAL short Airwear + Transitions Gen S,Policarbonato,1.59,2899.0,"Crizal Prevencia=3919.0, Crizal Sapphire HR=3919.0, Crizal Rock=3649.0, Crizal Easy Pro=3299.0, Optifog=3539.0, Trio Easy Clean=3099.0",Pagina 18,0.86
VARILUX® COMFORT,Orma,VARILUX® COMFORT DIGITAL short Orma,Resina,1.5,1499.0,"Crizal Prevencia=2519.0, Crizal Sapphire HR=2519.0, Crizal Rock=2249.0, Crizal Easy Pro=1899.0, Optifog=2139.0, Trio Easy Clean=1699.0",Pagina 18,0.86
VARILUX® COMFORT,Orma + Transitions Gen S,VARILUX® COMFORT DIGITAL short Orma + Transitions Gen S,Resina,1.5,2599.0,"Crizal Prevencia=3619.0, Crizal Sapphire HR=3619.0, Crizal Rock=3349.0, Crizal Easy Pro=2999.0, Optifog=3239.0, Trio Easy Clean=2799.0",Pagina 18,0.86
VARILUX® COMFORT,Airwear + Coloração especial,VARILUX® COMFORT SOLARES / COLORAÇÃO Airwear + Coloração especial,Policarbonato,1.59,2089.0,Verniz Hc=2089.0,Pagina 18,0.86
VARILUX® COMFORT,Airwear + Coloração padrão,VARILUX® COMFORT SOLARES / COLORAÇÃO Airwear + Coloração padrão,Policarbonato,1.59,1979.0,Verniz Hc=1979.0,Pagina 18,0.86
VARILUX® COMFORT,Airwear + Xperio cinza/marrom,VARILUX® COMFORT SOLARES / COLORAÇÃO Airwear + Xperio cinza/marrom,Policarbonato,1.59,2489.0,"Crizal Sapphire HR=3149.0, Optifog=3129.0, Verniz Hc=2489.0",Pagina 18,0.86
VARILUX® COMFORT,Orma + Coloração especial,VARILUX® COMFORT SOLARES / COLORAÇÃO Orma + Coloração especial,Resina,1.5,1789.0,Verniz Hc=1789.0,Pagina 18,0.86
VARILUX® COMFORT,Orma + Coloração padrão,VARILUX® COMFORT SOLARES / COLORAÇÃO Orma + Coloração padrão,Resina,1.5,1679.0,Verniz Hc=1679.0,Pagina 18,0.86
VARILUX® COMFORT,Orma + Xperio cinza/marrom,VARILUX® COMFORT SOLARES / COLORAÇÃO Orma + Xperio cinza/marrom,Resina,1.5,2189.0,"Crizal Sapphire HR=2849.0, Optifog=2829.0, Verniz Hc=2189.0",Pagina 18,0.86
VARILUX® COMFORT,Airwear,VARILUX® COMFORT TRADICIONAL Airwear,Policarbonato,1.59,1979.0,Verniz Hc=1979.0,Pagina 18,0.86
VARILUX® COMFORT,Airwear + Coloração especial,VARILUX® COMFORT TRADICIONAL Airwear + Coloração especial,Policarbonato,1.59,2089.0,Verniz Hc=2089.0,Pagina 18,0.86
VARILUX® COMFORT,Orma,VARILUX® COMFORT TRADICIONAL Orma,Resina,1.5,1679.0,Verniz Hc=1679.0,Pagina 18,0.86
VARILUX® COMFORT,Orma + Coloração especial,VARILUX® COMFORT TRADICIONAL Orma + Coloração especial,Resina,1.5,1789.0,Verniz Hc=1789.0,Pagina 18,0.86
VARILUX® LIBERTY,Airwear,VARILUX® LIBERTY DIGITAL Airwear,Policarbonato,1.59,1299.0,"Crizal Prevencia=2319.0, Crizal Sapphire HR=2319.0, Crizal Rock=2049.0, Crizal Easy Pro=1699.0, Optifog=1939.0, Trio Easy Clean=1499.0",Pagina 19,0.78
VARILUX® LIBERTY,Airwear + Transitions Extractive,VARILUX® LIBERTY DIGITAL Airwear + Transitions Extractive,Policarbonato,1.59,2429.0,"Crizal Prevencia=3449.0, Crizal Sapphire HR=3449.0, Crizal Rock=3179.0, Crizal Easy Pro=2829.0, Optifog=3069.0, Trio Easy Clean=2629.0",Pagina 19,0.78
VARILUX® LIBERTY,Airwear + Transitions Gen S,VARILUX® LIBERTY DIGITAL Airwear + Transitions Gen S,Policarbonato,1.59,2399.0,"Crizal Prevencia=3419.0, Crizal Sapphire HR=3419.0, Crizal Rock=3149.0, Crizal Easy Pro=2799.0, Optifog=3039.0, Trio Easy Clean=2599.0",Pagina 19,0.78
VARILUX® LIBERTY,Orma,VARILUX® LIBERTY DIGITAL Orma,Resina,1.5,999.0,"Crizal Prevencia=2019.0, Crizal Sapphire HR=2019.0, Crizal Rock=1749.0, Crizal Easy Pro=1399.0, Optifog=1639.0, Trio Easy Clean=1199.0",Pagina 19,0.78
VARILUX® LIBERTY,Orma + Blue UV Filter,VARILUX® LIBERTY DIGITAL Orma + Blue UV Filter,Resina,1.5,1169.0,"Crizal Prevencia=2189.0, Crizal Sapphire HR=2189.0, Crizal Rock=1919.0, Crizal Easy Pro=1569.0, Optifog=1809.0, Trio Easy Clean=1369.0",Pagina 19,0.78
VARILUX® LIBERTY,Orma + Transitions Extractive,VARILUX® LIBERTY DIGITAL Orma + Transitions Extractive,Resina,1.5,2129.0,"Crizal Prevencia=3149.0, Crizal Sapphire HR=3149.0, Crizal Rock=2879.0, Crizal Easy Pro=2529.0, Optifog=2769.0, Trio Easy Clean=2329.0",Pagina 19,0.78
VARILUX® LIBERTY,Orma + Transitions Gen S,VARILUX® LIBERTY DIGITAL Orma + Transitions Gen S,Resina,1.5,2099.0,"Crizal Prevencia=3119.0, Crizal Sapphire HR=3119.0, Crizal Rock=2849.0, Crizal Easy Pro=2499.0, Optifog=2739.0, Trio Easy Clean=2299.0",Pagina 19,0.78
VARILUX® LIBERTY,Airwear,VARILUX® LIBERTY DIGITAL short Airwear,Policarbonato,1.59,1299.0,"Crizal Prevencia=2319.0, Crizal Sapphire HR=2319.0, Crizal Rock=2049.0, Crizal Easy Pro=1699.0, Optifog=1939.0, Trio Easy Clean=1499.0",Pagina 19,0.78
VARILUX® LIBERTY,Orma,VARILUX® LIBERTY DIGITAL short Orma,Resina,1.5,999.0,"Crizal Prevencia=2019.0, Crizal Sapphire HR=2019.0, Crizal Rock=1749.0, Crizal Easy Pro=1399.0, Optifog=1639.0, Trio Easy Clean=1199.0",Pagina 19,0.78
VARILUX® LIBERTY,Airwear + Xperio cinza/marrom,VARILUX® LIBERTY SOLARES / COLORAÇÃO Airwear + Xperio cinza/marrom,Policarbonato,1.59,1989.0,"Crizal Sapphire HR=2649.0, Optifog=2629.0, Verniz Hc=1989.0",Pagina 19,0.86
VARILUX® LIBERTY,Orma + Xperio cinza/marrom,VARILUX® LIBERTY SOLARES / COLORAÇÃO Orma + Xperio cinza/marrom,Resina,1.5,1689.0,"Crizal Sapphire HR=2349.0, Optifog=2329.0, Verniz Hc=1689.0",Pagina 19,0.86
VARILUX® LIBERTY,Airwear,VARILUX® LIBERTY TRADICIONAL Airwear,Policarbonato,1.59,1479.0,,Pagina 19,0.86
VARILUX® LIBERTY,Airwear + Coloração especial,VARILUX® LIBERTY TRADICIONAL Airwear + Coloração especial,Policarbonato,1.59,1589.0,,Pagina 19,0.86
VARILUX® LIBERTY,Orma,VARILUX® LIBERTY TRADICIONAL Orma,Resina,1.5,1179.0,,Pagina 19,0.86
VARILUX® LIBERTY,Orma + Coloração especial,VARILUX® LIBERTY TRADICIONAL Orma + Coloração especial,Resina,1.5,1289.0,,Pagina 19,0.86
VARILUX® ACTIVITIES,Airwear + Coloração especial,VARILUX® ACTIVITIES COLORAÇÃO Varilux Activities Airwear + Coloração especial,Policarbonato,1.59,1589.0,Verniz Hc=1589.0,Pagina 20,0.86
VARILUX® ACTIVITIES,Airwear + Coloração padrão,VARILUX® ACTIVITIES COLORAÇÃO Varilux Activities Airwear + Coloração padrão,Policarbonato,1.59,1479.0,Verniz Hc=1479.0,Pagina 20,0.86
VARILUX® ACTIVITIES,Orma + Coloração especial,VARILUX® ACTIVITIES COLORAÇÃO Varilux Activities Orma + Coloração especial,Resina,1.5,1289.0,Verniz Hc=1289.0,Pagina 20,0.86
VARILUX® ACTIVITIES,Orma + Coloração padrão,VARILUX® ACTIVITIES COLORAÇÃO Varilux Activities Orma + Coloração padrão,Resina,1.5,1179.0,Verniz Hc=1179.0,Pagina 20,0.86
VARILUX® ACTIVITIES,Airwear,VARILUX® ACTIVITIES DIGITAL Varilux Digitime mid Airwear,Policarbonato,1.59,899.0,"Crizal Prevencia=1919.0, Crizal Sapphire HR=1919.0, Crizal Rock=1649.0, Crizal Easy Pro=1299.0, Optifog=1539.0, Trio Easy Clean=1099.0",Pagina 20,0.78
VARILUX® ACTIVITIES,Orma,VARILUX® ACTIVITIES DIGITAL Varilux Digitime mid Orma,Resina,1.5,599.0,"Crizal Prevencia=1619.0, Crizal Sapphire HR=1619.0, Crizal Rock=1349.0, Crizal Easy Pro=999.0, Optifog=1239.0, Trio Easy Clean=799.0",Pagina 20,0.78
VARILUX® ACTIVITIES,Stylis 1.67,VARILUX® ACTIVITIES DIGITAL Varilux Digitime mid Stylis 1.67,Resina High Index,1.67,3289.0,"Crizal Prevencia=3909.0, Crizal Sapphire HR=3909.0, Crizal Rock=3639.0, Crizal Easy Pro=3289.0, Optifog=3529.0",Pagina 20,0.78
VARILUX® ACTIVITIES,Airwear,VARILUX® ACTIVITIES DIGITAL Varilux Digitime near Airwear,Policarbonato,1.59,899.0,"Crizal Prevencia=1919.0, Crizal Sapphire HR=1919.0, Crizal Rock=1649.0, Crizal Easy Pro=1299.0, Optifog=1539.0, Trio Easy Clean=1099.0",Pagina 20,0.78
VARILUX® ACTIVITIES,Orma,VARILUX® ACTIVITIES DIGITAL Varilux Digitime near Orma,Resina,1.5,599.0,"Crizal Prevencia=1619.0, Crizal Sapphire HR=1619.0, Crizal Rock=1349.0, Crizal Easy Pro=999.0, Optifog=1239.0, Trio Easy Clean=799.0",Pagina 20,0.78
VARILUX® ACTIVITIES,Stylis 1.67,VARILUX® ACTIVITIES DIGITAL Varilux Digitime near Stylis 1.67,Resina High Index,1.67,3289.0,"Crizal Prevencia=3909.0, Crizal Sapphire HR=3909.0, Crizal Rock=3639.0, Crizal Easy Pro=3289.0, Optifog=3529.0",Pagina 20,0.78
VARILUX® ACTIVITIES,Airwear + Xperio cinza/marrom,VARILUX® ACTIVITIES DIGITAL Varilux Roadpilot Airwear + Xperio cinza/marrom,Policarbonato,1.59,2379.0,Crizal Sapphire HR=2379.0,Pagina 20,0.86
VARILUX® ACTIVITIES,Orma DAY & NIGHT,VARILUX® ACTIVITIES DIGITAL Varilux Roadpilot Orma DAY & NIGHT,Resina,1.5,929.0,Verniz Hc=929.0,Pagina 20,0.86
VARILUX® ACTIVITIES,Airwear,VARILUX® ACTIVITIES DIGITAL Varilux Sport / Sportwrap Airwear,Policarbonato,1.59,1379.0,"Crizal Prevencia=1999.0, Crizal Sapphire HR=1999.0, Crizal Rock=1729.0, Crizal Easy Pro=1379.0, Optifog=1619.0",Pagina 20,0.86
VARILUX® ACTIVITIES,Airwear + Transitions Gen S,VARILUX® ACTIVITIES DIGITAL Varilux Sport / Sportwrap Airwear + Transitions Gen S,Policarbonato,1.59,2479.0,"Crizal Prevencia=3099.0, Crizal Sapphire HR=3099.0, Crizal Rock=2829.0, Crizal Easy Pro=2479.0, Optifog=2719.0",Pagina 20,0.86
VARILUX® ACTIVITIES,Airwear + Xperio cinza/marrom,VARILUX® ACTIVITIES DIGITAL Varilux Sport / Sportwrap Airwear + Xperio cinza/marrom,Policarbonato,1.59,2309.0,"Crizal Sapphire HR=2329.0, Optifog=2309.0",Pagina 20,0.86
LENTES EYEZEN BOOST®,Airwear,LENTES EYEZEN BOOST® 0.4 Airwear,Policarbonato,1.59,1209.0,"Crizal Prevencia=1829.0, Crizal Sapphire HR=1829.0, Crizal Rock=1559.0, Crizal Easy Pro=1209.0, Optifog=1449.0",Pagina 22,0.86
LENTES EYEZEN BOOST®,Airwear + Transitions Extractive,LENTES EYEZEN BOOST® 0.4 Airwear + Transitions Extractive,Policarbonato,1.59,2219.0,"Crizal Prevencia=2839.0, Crizal Sapphire HR=2839.0, Crizal Rock=2569.0, Crizal Easy Pro=2219.0, Optifog=2459.0",Pagina 22,0.86
LENTES EYEZEN BOOST®,Airwear + Transitions Gen S,LENTES EYEZEN BOOST® 0.4 Airwear + Transitions Gen S,Policarbonato,1.59,2149.0,"Crizal Prevencia=2769.0, Crizal Sapphire HR=2769.0, Crizal Rock=2499.0, Crizal Easy Pro=2149.0, Optifog=2389.0",Pagina 22,0.86
LENTES EYEZEN BOOST®,Orma,LENTES EYEZEN BOOST® 0.4 Orma,Resina,1.5,989.0,"Crizal Prevencia=1609.0, Crizal Sapphire HR=1609.0, Crizal Rock=1339.0, Crizal Easy Pro=989.0, Optifog=1229.0",Pagina 22,0.86
LENTES EYEZEN BOOST®,Orma + Transitions Extractive,LENTES EYEZEN BOOST® 0.4 Orma + Transitions Extractive,Resina,1.5,1999.0,"Crizal Prevencia=2619.0, Crizal Sapphire HR=2619.0, Crizal Rock=2349.0, Crizal Easy Pro=1999.0, Optifog=2239.0",Pagina 22,0.86
LENTES EYEZEN BOOST®,Orma + Transitions Gen S,LENTES EYEZEN BOOST® 0.4 Orma + Transitions Gen S,Resina,1.5,1929.0,"Crizal Prevencia=2549.0, Crizal Sapphire HR=2549.0, Crizal Rock=2279.0, Crizal Easy Pro=1929.0, Optifog=2169.0",Pagina 22,0.86
LENTES EYEZEN BOOST®,Stylis 1.67,LENTES EYEZEN BOOST® 0.4 Stylis 1.67,Resina High Index,1.67,2409.0,"Crizal Prevencia=3029.0, Crizal Sapphire HR=3029.0, Crizal Rock=2759.0, Crizal Easy Pro=2409.0, Optifog=2649.0",Pagina 22,0.86
LENTES EYEZEN BOOST®,Stylis 1.67 + Transitions Gen S,LENTES EYEZEN BOOST® 0.4 Stylis 1.67 + Transitions Gen S,Resina High Index,1.67,3349.0,"Crizal Prevencia=3969.0, Crizal Sapphire HR=3969.0, Crizal Rock=3699.0, Crizal Easy Pro=3349.0, Optifog=3589.0",Pagina 22,0.86
LENTES EYEZEN BOOST®,Stylis 1.74,LENTES EYEZEN BOOST® 0.4 Stylis 1.74,Resina High Index,1.74,3809.0,Crizal Sapphire HR=3809.0,Pagina 22,0.86
LENTES EYEZEN BOOST®,Stylis 1.74 + Transitions Gen S,LENTES EYEZEN BOOST® 0.4 Stylis 1.74 + Transitions Gen S,Resina High Index,1.74,4749.0,Crizal Sapphire HR=4749.0,Pagina 22,0.86
LENTES EYEZEN BOOST®,Airwear,LENTES EYEZEN BOOST® 0.6 Airwear,Policarbonato,1.59,1209.0,"Crizal Prevencia=1829.0, Crizal Sapphire HR=1829.0, Crizal Rock=1559.0, Crizal Easy Pro=1209.0, Optifog=1449.0",Pagina 23,0.86
LENTES EYEZEN BOOST®,Airwear + Transitions Extractive,LENTES EYEZEN BOOST® 0.6 Airwear + Transitions Extractive,Policarbonato,1.59,2219.0,"Crizal Prevencia=2839.0, Crizal Sapphire HR=2839.0, Crizal Rock=2569.0, Crizal Easy Pro=2219.0, Optifog=2459.0",Pagina 23,0.86
LENTES EYEZEN BOOST®,Airwear + Transitions Gen S,LENTES EYEZEN BOOST® 0.6 Airwear + Transitions Gen S,Policarbonato,1.59,2149.0,"Crizal Prevencia=2769.0, Crizal Sapphire HR=2769.0, Crizal Rock=2499.0, Crizal Easy Pro=2149.0, Optifog=2389.0",Pagina 23,0.86
LENTES EYEZEN BOOST®,Orma,LENTES EYEZEN BOOST® 0.6 Orma,Resina,1.5,989.0,"Crizal Prevencia=1609.0, Crizal Sapphire HR=1609.0, Crizal Rock=1339.0, Crizal Easy Pro=989.0, Optifog=1229.0",Pagina 23,0.86
LENTES EYEZEN BOOST®,Orma + Transitions Extractive,LENTES EYEZEN BOOST® 0.6 Orma + Transitions Extractive,Resina,1.5,1999.0,"Crizal Prevencia=2619.0, Crizal Sapphire HR=2619.0, Crizal Rock=2349.0, Crizal Easy Pro=1999.0, Optifog=2239.0",Pagina 23,0.86
LENTES EYEZEN BOOST®,Orma + Transitions Gen S,LENTES EYEZEN BOOST® 0.6 Orma + Transitions Gen S,Resina,1.5,1929.0,"Crizal Prevencia=2549.0, Crizal Sapphire HR=2549.0, Crizal Rock=2279.0, Crizal Easy Pro=1929.0, Optifog=2169.0",Pagina 23,0.86
LENTES EYEZEN BOOST®,Stylis 1.67,LENTES EYEZEN BOOST® 0.6 Stylis 1.67,Resina High Index,1.67,2409.0,"Crizal Prevencia=3029.0, Crizal Sapphire HR=3029.0, Crizal Rock=2759.0, Crizal Easy Pro=2409.0, Optifog=2649.0",Pagina 23,0.86
LENTES EYEZEN BOOST®,Stylis 1.67 + Transitions Gen S,LENTES EYEZEN BOOST® 0.6 Stylis 1.67 + Transitions Gen S,Resina High Index,1.67,3349.0,"Crizal Prevencia=3969.0, Crizal Sapphire HR=3969.0, Crizal Rock=3699.0, Crizal Easy Pro=3349.0, Optifog=3589.0",Pagina 23,0.86
LENTES EYEZEN BOOST®,Stylis 1.74,LENTES EYEZEN BOOST® 0.6 Stylis 1.74,Resina High Index,1.74,3809.0,Crizal Sapphire HR=3809.0,Pagina 23,0.86
LENTES EYEZEN BOOST®,Stylis 1.74 + Transitions Gen S,LENTES EYEZEN BOOST® 0.6 Stylis 1.74 + Transitions Gen S,Resina High Index,1.74,4749.0,Crizal Sapphire HR=4749.0,Pagina 23,0.86
LENTES EYEZEN BOOST®,Airwear,LENTES EYEZEN BOOST® 0.85 Airwear,Policarbonato,1.59,1209.0,"Crizal Prevencia=1829.0, Crizal Sapphire HR=1829.0, Crizal Rock=1559.0, Crizal Easy Pro=1209.0, Optifog=1449.0",Pagina 24,0.86
LENTES EYEZEN BOOST®,Airwear + Transitions Extractive,LENTES EYEZEN BOOST® 0.85 Airwear + Transitions Extractive,Policarbonato,1.59,2219.0,"Crizal Prevencia=2839.0, Crizal Sapphire HR=2839.0, Crizal Rock=2569.0, Crizal Easy Pro=2219.0, Optifog=2459.0",Pagina 24,0.86
LENTES EYEZEN BOOST®,Airwear + Transitions Gen S,LENTES EYEZEN BOOST® 0.85 Airwear + Transitions Gen S,Policarbonato,1.59,2149.0,"Crizal Prevencia=2769.0, Crizal Sapphire HR=2769.0, Crizal Rock=2499.0, Crizal Easy Pro=2149.0, Optifog=2389.0",Pagina 24,0.86
LENTES EYEZEN BOOST®,Orma,LENTES EYEZEN BOOST® 0.85 Orma,Resina,1.5,989.0,"Crizal Prevencia=1609.0, Crizal Sapphire HR=1609.0, Crizal Rock=1339.0, Crizal Easy Pro=989.0, Optifog=1229.0",Pagina 24,0.86
LENTES EYEZEN BOOST®,Orma + Transitions Extractive,LENTES EYEZEN BOOST® 0.85 Orma + Transitions Extractive,Resina,1.5,1999.0,"Crizal Prevencia=2619.0, Crizal Sapphire HR=2619.0, Crizal Rock=2349.0, Crizal Easy Pro=1999.0, Optifog=2239.0",Pagina 24,0.86
LENTES EYEZEN BOOST®,Orma + Transitions Gen S,LENTES EYEZEN BOOST® 0.85 Orma + Transitions Gen S,Resina,1.5,1929.0,"Crizal Prevencia=2549.0, Crizal Sapphire HR=2549.0, Crizal Rock=2279.0, Crizal Easy Pro=1929.0, Optifog=2169.0",Pagina 24,0.86
LENTES EYEZEN BOOST®,Stylis 1.67,LENTES EYEZEN BOOST® 0.85 Stylis 1.67,Resina High Index,1.67,2409.0,"Crizal Prevencia=3029.0, Crizal Sapphire HR=3029.0, Crizal Rock=2759.0, Crizal Easy Pro=2409.0, Optifog=2649.0",Pagina 24,0.86
LENTES EYEZEN BOOST®,Stylis 1.67 + Transitions Gen S,LENTES EYEZEN BOOST® 0.85 Stylis 1.67 + Transitions Gen S,Resina High Index,1.67,3349.0,"Crizal Prevencia=3969.0, Crizal Sapphire HR=3969.0, Crizal Rock=3699.0, Crizal Easy Pro=3349.0, Optifog=3589.0",Pagina 24,0.86
LENTES EYEZEN BOOST®,Stylis 1.74,LENTES EYEZEN BOOST® 0.85 Stylis 1.74,Resina High Index,1.74,3809.0,Crizal Sapphire HR=3809.0,Pagina 24,0.86
LENTES EYEZEN BOOST®,Stylis 1.74 + Transitions Gen S,LENTES EYEZEN BOOST® 0.85 Stylis 1.74 + Transitions Gen S,Resina High Index,1.74,4749.0,Crizal Sapphire HR=4749.0,Pagina 24,0.86
LENTES EYEZEN BOOST®,Airwear,LENTES EYEZEN BOOST® SOLARES / COLORAÇÃO 0.85 Airwear,Policarbonato,1.59,989.0,Verniz Hc=989.0,Pagina 24,0.78
LENTES EYEZEN BOOST®,Airwear + Xperio cinza/marrom/verde,LENTES EYEZEN BOOST® SOLARES / COLORAÇÃO 0.85 Airwear + Xperio cinza/marrom/verde,Policarbonato,1.59,1359.0,"Crizal Sapphire HR Face Interna=2019.0, Optifog=1999.0, Verniz Hc=1359.0",Pagina 24,0.78
LENTES EYEZEN BOOST®,Orma,LENTES EYEZEN BOOST® SOLARES / COLORAÇÃO 0.85 Orma,Resina,1.5,769.0,Verniz Hc=769.0,Pagina 24,0.78
LENTES EYEZEN BOOST®,Orma + Coloração especial,LENTES EYEZEN BOOST® SOLARES / COLORAÇÃO 0.85 Orma + Coloração especial,Resina,1.5,879.0,Verniz Hc=879.0,Pagina 24,0.78
LENTES EYEZEN BOOST®,Orma + Xperio cinza/marrom/verde,LENTES EYEZEN BOOST® SOLARES / COLORAÇÃO 0.85 Orma + Xperio cinza/marrom/verde,Resina,1.5,1139.0,"Crizal Sapphire HR Face Interna=1799.0, Optifog=1779.0, Verniz Hc=1139.0",Pagina 24,0.78
LENTES EYEZEN START®,Airwear,LENTES EYEZEN START® Airwear,Policarbonato,1.59,1099.0,"Crizal Prevencia=1719.0, Crizal Sapphire HR=1719.0, Crizal Rock=1449.0, Crizal Easy Pro=1099.0, Optifog=1339.0",Pagina 25,0.86
LENTES EYEZEN START®,Airwear + Transitions Extractive,LENTES EYEZEN START® Airwear + Transitions Extractive,Policarbonato,1.59,2109.0,"Crizal Prevencia=2729.0, Crizal Sapphire HR=2729.0, Crizal Rock=2459.0, Crizal Easy Pro=2109.0, Optifog=2349.0",Pagina 25,0.86
LENTES EYEZEN START®,Airwear + Transitions Gen S,LENTES EYEZEN START® Airwear + Transitions Gen S,Policarbonato,1.59,2039.0,"Crizal Prevencia=2659.0, Crizal Sapphire HR=2659.0, Crizal Rock=2389.0, Crizal Easy Pro=2039.0, Optifog=2279.0",Pagina 25,0.86
LENTES EYEZEN START®,Orma,LENTES EYEZEN START® Orma,Resina,1.5,879.0,"Crizal Prevencia=1499.0, Crizal Sapphire HR=1499.0, Crizal Rock=1229.0, Crizal Easy Pro=879.0, Optifog=1119.0",Pagina 25,0.86
LENTES EYEZEN START®,Orma + Transitions Extractive,LENTES EYEZEN START® Orma + Transitions Extractive,Resina,1.5,1889.0,"Crizal Prevencia=2509.0, Crizal Sapphire HR=2509.0, Crizal Rock=2239.0, Crizal Easy Pro=1889.0, Optifog=2129.0",Pagina 25,0.86
LENTES EYEZEN START®,Orma + Transitions Gen S,LENTES EYEZEN START® Orma + Transitions Gen S,Resina,1.5,1819.0,"Crizal Prevencia=2439.0, Crizal Sapphire HR=2439.0, Crizal Rock=2169.0, Crizal Easy Pro=1819.0, Optifog=2059.0",Pagina 25,0.86
LENTES EYEZEN START®,Airwear,LENTES EYEZEN START® SOLARES / COLORAÇÃO Airwear,Policarbonato,1.59,879.0,Verniz Hc=879.0,Pagina 25,0.78
LENTES EYEZEN START®,Airwear + Xperio cinza/marrom/verde,LENTES EYEZEN START® SOLARES / COLORAÇÃO Airwear + Xperio cinza/marrom/verde,Policarbonato,1.59,1249.0,"Crizal Sapphire HR Face Interna=1909.0, Optifog=1889.0, Verniz Hc=1249.0",Pagina 25,0.78
LENTES EYEZEN START®,Orma,LENTES EYEZEN START® SOLARES / COLORAÇÃO Orma,Resina,1.5,659.0,Verniz Hc=659.0,Pagina 25,0.78
LENTES EYEZEN START®,Orma + Coloração especial,LENTES EYEZEN START® SOLARES / COLORAÇÃO Orma + Coloração especial,Resina,1.5,769.0,Verniz Hc=769.0,Pagina 25,0.78
LENTES EYEZEN START®,Orma + Xperio cinza/marrom/verde,LENTES EYEZEN START® SOLARES / COLORAÇÃO Orma + Xperio cinza/marrom/verde,Resina,1.5,1029.0,"Crizal Sapphire HR Face Interna=1689.0, Optifog=1669.0, Verniz Hc=1029.0",Pagina 25,0.78
LENTES EYEZEN START®,Stylis 1.67,LENTES EYEZEN START® Stylis 1.67,Resina High Index,1.67,2299.0,"Crizal Prevencia=2919.0, Crizal Sapphire HR=2919.0, Crizal Rock=2649.0, Crizal Easy Pro=2299.0, Optifog=2539.0",Pagina 25,0.86
LENTES EYEZEN START®,Stylis 1.67 + Transitions Gen S,LENTES EYEZEN START® Stylis 1.67 + Transitions Gen S,Resina High Index,1.67,3239.0,"Crizal Prevencia=3859.0, Crizal Sapphire HR=3859.0, Crizal Rock=3589.0, Crizal Easy Pro=3239.0, Optifog=3479.0",Pagina 25,0.86
LENTES EYEZEN START®,Stylis 1.74,LENTES EYEZEN START® Stylis 1.74,Resina High Index,1.74,3699.0,Crizal Sapphire HR=3699.0,Pagina 25,0.86
LENTES EYEZEN START®,Stylis 1.74 + Transitions Gen S,LENTES EYEZEN START® Stylis 1.74 + Transitions Gen S,Resina High Index,1.74,4639.0,Crizal Sapphire HR=4639.0,Pagina 25,0.86
LINHA KIDS,Airwear,LINHA KIDS Airwear,Policarbonato,1.59,879.0,"Crizal Prevencia=1499.0, Crizal Sapphire HR=1499.0, Crizal Rock=1229.0, Crizal Easy Pro=879.0, Optifog=1119.0",Pagina 26,0.86
LINHA KIDS,Airwear + Transitions Gen S,LINHA KIDS Airwear + Transitions Gen S,Policarbonato,1.59,1819.0,"Crizal Prevencia=2439.0, Crizal Sapphire HR=2439.0, Crizal Rock=2169.0, Crizal Easy Pro=1819.0, Optifog=2059.0",Pagina 26,0.86
LINHA KIDS,Stellest,LINHA KIDS CONTROLE DA MIOPIA INFANTIL Stellest,Policarbonato,1.5,1999.0,,Pagina 26,0.84
LINHA KIDS,Stellest 2.0,LINHA KIDS CONTROLE DA MIOPIA INFANTIL Stellest 2.0,Policarbonato,1.5,2299.0,,Pagina 26,0.84
LINHA KIDS,Stellest Sun,LINHA KIDS CONTROLE DA MIOPIA INFANTIL Stellest Sun,Policarbonato,1.5,2199.0,,Pagina 26,0.84
EYEZEN® START STOCK | LENTES PRONTAS CRIZAL®,Airwear Crizal Easy Pro,EYEZEN® START STOCK | LENTES PRONTAS CRIZAL® Airwear Crizal Easy Pro,Policarbonato,1.59,569.0,,Pagina 27,0.93
EYEZEN® START STOCK | LENTES PRONTAS CRIZAL®,Airwear Crizal Rock,EYEZEN® START STOCK | LENTES PRONTAS CRIZAL® Airwear Crizal Rock,Policarbonato,1.59,819.0,,Pagina 27,0.93
EYEZEN® START STOCK | LENTES PRONTAS CRIZAL®,Airwear Crizal Sapphire HR,EYEZEN® START STOCK | LENTES PRONTAS CRIZAL® Airwear Crizal Sapphire HR,Policarbonato,1.59,929.0,,Pagina 27,0.93
EYEZEN® START STOCK | LENTES PRONTAS CRIZAL®,Airwear Crizal Sapphire HR Transitions Gen S Cinza,EYEZEN® START STOCK | LENTES PRONTAS CRIZAL® Airwear Crizal Sapphire HR Transitions Gen S Cinza,Policarbonato,1.59,1349.0,,Pagina 27,0.93
EYEZEN® START STOCK | LENTES PRONTAS CRIZAL®,Airwear Transitions Gen S Cinza,EYEZEN® START STOCK | LENTES PRONTAS CRIZAL® Airwear Transitions Gen S Cinza,Policarbonato,1.59,689.0,,Pagina 27,0.93
EYEZEN® START STOCK | LENTES PRONTAS CRIZAL®,Eyezen Start Stock 1.60 Crizal Sapphire HR,EYEZEN® START STOCK | LENTES PRONTAS CRIZAL® Eyezen Start Stock 1.60 Crizal Sapphire HR,Resina,1.6,1249.0,,Pagina 27,0.93
EYEZEN® START STOCK | LENTES PRONTAS CRIZAL®,Orma Crizal Easy Pro,EYEZEN® START STOCK | LENTES PRONTAS CRIZAL® Orma Crizal Easy Pro,Resina,1.5,439.0,,Pagina 27,0.93
EYEZEN® START STOCK | LENTES PRONTAS CRIZAL®,Orma Crizal Easy Pro Transitions Gen S Cinza,EYEZEN® START STOCK | LENTES PRONTAS CRIZAL® Orma Crizal Easy Pro Transitions Gen S Cinza,Resina,1.5,989.0,,Pagina 27,0.93
EYEZEN® START STOCK | LENTES PRONTAS CRIZAL®,Orma Crizal Prevencia,EYEZEN® START STOCK | LENTES PRONTAS CRIZAL® Orma Crizal Prevencia,Resina,1.5,799.0,,Pagina 27,0.93
EYEZEN® START STOCK | LENTES PRONTAS CRIZAL®,Orma Crizal Rock,EYEZEN® START STOCK | LENTES PRONTAS CRIZAL® Orma Crizal Rock,Resina,1.5,579.0,,Pagina 27,0.93
EYEZEN® START STOCK | LENTES PRONTAS CRIZAL®,Orma Crizal Sapphire HR,EYEZEN® START STOCK | LENTES PRONTAS CRIZAL® Orma Crizal Sapphire HR,Resina,1.5,799.0,,Pagina 27,0.93
EYEZEN® START STOCK | LENTES PRONTAS CRIZAL®,Orma Transitions Gen S Cinza,EYEZEN® START STOCK | LENTES PRONTAS CRIZAL® Orma Transitions Gen S Cinza,Resina,1.5,489.0,,Pagina 27,0.93
EYEZEN® START STOCK | LENTES PRONTAS CRIZAL®,Stylis 1.67 Crizal Sapphire HR,EYEZEN® START STOCK | LENTES PRONTAS CRIZAL® Stylis 1.67 Crizal Sapphire HR,Resina High Index,1.67,1479.0,,Pagina 27,0.93
EYEZEN® START STOCK | LENTES PRONTAS CRIZAL®,Stylis 1.74 Crizal Sapphire HR,EYEZEN® START STOCK | LENTES PRONTAS CRIZAL® Stylis 1.74 Crizal Sapphire HR,Resina High Index,1.74,2089.0,,Pagina 27,0.93
LENTES ESSILOR®,Airwear,LENTES ESSILOR® LENTES VISÃO SIMPLES SURFAÇADAS Airwear,Policarbonato,1.59,599.0,"Crizal Prevencia=1419.0, Crizal Sapphire HR=1419.0, Crizal Rock=1149.0, Crizal Easy Pro=799.0, Optifog=1039.0, No Reflex=649.0, Trio Easy Clean=599.0",Pagina 28,0.86
LENTES ESSILOR®,Airwear + Blue UV Filter,LENTES ESSILOR® LENTES VISÃO SIMPLES SURFAÇADAS Airwear + Blue UV Filter,Policarbonato,1.59,679.0,"Crizal Prevencia=1499.0, Crizal Sapphire HR=1499.0, Crizal Rock=1229.0, Crizal Easy Pro=879.0, Optifog=1119.0, No Reflex=729.0, Trio Easy Clean=679.0",Pagina 28,0.86
LENTES ESSILOR®,Airwear + Transitions Extractive,LENTES ESSILOR® LENTES VISÃO SIMPLES SURFAÇADAS Airwear + Transitions Extractive,Policarbonato,1.59,1259.0,"Crizal Prevencia=2279.0, Crizal Sapphire HR=2279.0, Crizal Rock=2009.0, Crizal Easy Pro=1659.0, Optifog=1899.0, No Reflex=1509.0, Trio Easy Clean=1459.0",Pagina 28,0.86
LENTES ESSILOR®,Airwear + Transitions Gen S,LENTES ESSILOR® LENTES VISÃO SIMPLES SURFAÇADAS Airwear + Transitions Gen S,Policarbonato,1.59,1189.0,"Crizal Prevencia=2209.0, Crizal Sapphire HR=2209.0, Crizal Rock=1939.0, Crizal Easy Pro=1589.0, Optifog=1829.0, No Reflex=1439.0, Trio Easy Clean=1389.0",Pagina 28,0.86
LENTES ESSILOR®,Orma,LENTES ESSILOR® LENTES VISÃO SIMPLES SURFAÇADAS Orma,Resina,1.5,399.0,"Crizal Prevencia=1219.0, Crizal Sapphire HR=1219.0, Crizal Rock=949.0, Crizal Easy Pro=599.0, Optifog=839.0, No Reflex=449.0, Trio Easy Clean=399.0",Pagina 28,0.86
LENTES ESSILOR®,Orma + Blue UV Filter,LENTES ESSILOR® LENTES VISÃO SIMPLES SURFAÇADAS Orma + Blue UV Filter,Resina,1.5,479.0,"Crizal Prevencia=1299.0, Crizal Sapphire HR=1299.0, Crizal Rock=1029.0, Crizal Easy Pro=679.0, Optifog=919.0, No Reflex=529.0, Trio Easy Clean=479.0",Pagina 28,0.86
LENTES ESSILOR®,Orma + Transitions Extractive,LENTES ESSILOR® LENTES VISÃO SIMPLES SURFAÇADAS Orma + Transitions Extractive,Resina,1.5,1059.0,"Crizal Prevencia=2079.0, Crizal Sapphire HR=2079.0, Crizal Rock=1809.0, Crizal Easy Pro=1459.0, Optifog=1699.0, No Reflex=1309.0, Trio Easy Clean=1259.0",Pagina 28,0.86
LENTES ESSILOR®,Orma + Transitions Gen S,LENTES ESSILOR® LENTES VISÃO SIMPLES SURFAÇADAS Orma + Transitions Gen S,Resina,1.5,989.0,"Crizal Prevencia=2009.0, Crizal Sapphire HR=2009.0, Crizal Rock=1739.0, Crizal Easy Pro=1389.0, Optifog=1629.0, No Reflex=1239.0, Trio Easy Clean=1189.0",Pagina 28,0.86
LENTES ESSILOR®,Stylis 1.67,LENTES ESSILOR® LENTES VISÃO SIMPLES SURFAÇADAS Stylis 1.67,Resina High Index,1.67,1539.0,"Crizal Prevencia=2309.0, Crizal Sapphire HR=2309.0, Crizal Rock=2039.0, Crizal Easy Pro=1689.0, Optifog=1929.0, No Reflex=1539.0",Pagina 28,0.86
LENTES ESSILOR®,Stylis 1.67 + Transitions Gen S,LENTES ESSILOR® LENTES VISÃO SIMPLES SURFAÇADAS Stylis 1.67 + Transitions Gen S,Resina High Index,1.67,2329.0,"Crizal Prevencia=3099.0, Crizal Sapphire HR=3099.0, Crizal Rock=2829.0, Crizal Easy Pro=2479.0, Optifog=2719.0, No Reflex=2329.0",Pagina 28,0.86
LENTES ESSILOR®,Stylis 1.74,LENTES ESSILOR® LENTES VISÃO SIMPLES SURFAÇADAS Stylis 1.74,Resina High Index,1.74,3019.0,Crizal Sapphire HR=3019.0,Pagina 28,0.78
LENTES ESSILOR®,Stylis 1.74 + Transitions Gen S,LENTES ESSILOR® LENTES VISÃO SIMPLES SURFAÇADAS Stylis 1.74 + Transitions Gen S,Resina High Index,1.74,3809.0,Crizal Sapphire HR=3809.0,Pagina 28,0.78
LENTES ESSILOR®,"Orma 0,80","LENTES ESSILOR® VISÃO INTERMEDIÁRIA Essilor Interview Orma 0,80",Resina,1.5,579.0,"Crizal Prevencia=1599.0, Crizal Sapphire HR=1599.0, Crizal Rock=1329.0, Crizal Easy Pro=979.0, Optifog=1219.0, Trio Easy Clean=779.0",Pagina 28,0.86
LENTES ESSILOR®,"Orma 1,30","LENTES ESSILOR® VISÃO INTERMEDIÁRIA Essilor Interview Orma 1,30",Resina,1.5,579.0,"Crizal Prevencia=1599.0, Crizal Sapphire HR=1599.0, Crizal Rock=1329.0, Crizal Easy Pro=979.0, Optifog=1219.0, Trio Easy Clean=779.0",Pagina 28,0.86
LENTES ESSILOR®,Airwear,LENTES ESSILOR® Airwear,Policarbonato,1.59,619.0,"Crizal Sapphire HR Face Interna=1279.0, Crizal Easy Pro=1259.0, Trio Easy Clean=619.0",Pagina 29,0.78
LENTES ESSILOR®,Orma,LENTES ESSILOR® Orma,Resina,1.5,419.0,"Crizal Sapphire HR Face Interna=1079.0, Crizal Easy Pro=1059.0, Trio Easy Clean=419.0",Pagina 29,0.78
LENTES KODAK®,1.50,LENTES KODAK® MULTIFOCAL DIGITAL LENTES KODAK SOFTWEAR CRIZAL 1.50,Resina,1.5,449.0,"Crizal Prevencia=1469.0, Crizal Sapphire HR=1469.0, Crizal Rock=1199.0, Crizal Easy Pro=849.0, Optifog=1089.0, No Reflex=699.0, Trio Easy Clean=649.0, Verniz Hc=449.0",Pagina 32,0.86
LENTES KODAK®,Poly,LENTES KODAK® MULTIFOCAL DIGITAL LENTES KODAK SOFTWEAR CRIZAL Poly,Policarbonato,1.59,669.0,"Crizal Prevencia=1689.0, Crizal Sapphire HR=1689.0, Crizal Rock=1419.0, Crizal Easy Pro=1069.0, Optifog=1309.0, No Reflex=919.0, Trio Easy Clean=869.0, Verniz Hc=669.0",Pagina 32,0.86
LENTES KODAK®,Stylis 1.67,LENTES KODAK® MULTIFOCAL DIGITAL LENTES KODAK SOFTWEAR CRIZAL Stylis 1.67,Resina High Index,1.67,2069.0,"Crizal Prevencia=2889.0, Crizal Sapphire HR=2889.0, Crizal Rock=2619.0, Crizal Easy Pro=2269.0, Optifog=2509.0, No Reflex=2119.0, Trio Easy Clean=2069.0",Pagina 32,0.86
LENTES KODAK®,1.50,LENTES KODAK® UNIQUE INFINITE 1.50,Resina,1.5,959.0,"Crizal Prevencia=1979.0, Crizal Sapphire HR=1979.0, Crizal Rock=1709.0, Crizal Easy Pro=1359.0, Optifog=1599.0, No Reflex=1209.0, Trio Easy Clean=1159.0, Verniz Hc=959.0",Pagina 32,0.86
LENTES KODAK®,1.50 + Transitions Extractive,LENTES KODAK® UNIQUE INFINITE 1.50 + Transitions Extractive,Resina,1.5,1969.0,"Crizal Prevencia=2989.0, Crizal Sapphire HR=2989.0, Crizal Rock=2719.0, Crizal Easy Pro=2369.0, Optifog=2609.0, No Reflex=2219.0, Trio Easy Clean=2169.0, Verniz Hc=1969.0",Pagina 32,0.86
LENTES KODAK®,1.50 + Transitions Gen S,LENTES KODAK® UNIQUE INFINITE 1.50 + Transitions Gen S,Resina,1.5,1899.0,"Crizal Prevencia=2919.0, Crizal Sapphire HR=2919.0, Crizal Rock=2649.0, Crizal Easy Pro=2299.0, Optifog=2539.0, No Reflex=2149.0, Trio Easy Clean=2099.0, Verniz Hc=1899.0",Pagina 32,0.86
LENTES KODAK®,Poly,LENTES KODAK® UNIQUE INFINITE Poly,Policarbonato,1.59,1179.0,"Crizal Prevencia=2199.0, Crizal Sapphire HR=2199.0, Crizal Rock=1929.0, Crizal Easy Pro=1579.0, Optifog=1819.0, No Reflex=1429.0, Trio Easy Clean=1379.0, Verniz Hc=1179.0",Pagina 32,0.86
LENTES KODAK®,Poly + Transitions Extractive,LENTES KODAK® UNIQUE INFINITE Poly + Transitions Extractive,Policarbonato,1.59,2189.0,"Crizal Prevencia=3209.0, Crizal Sapphire HR=3209.0, Crizal Rock=2939.0, Crizal Easy Pro=2589.0, Optifog=2829.0, No Reflex=2439.0, Trio Easy Clean=2389.0, Verniz Hc=2189.0",Pagina 32,0.86
LENTES KODAK®,Poly + Transitions Gen S,LENTES KODAK® UNIQUE INFINITE Poly + Transitions Gen S,Policarbonato,1.59,2119.0,"Crizal Prevencia=3139.0, Crizal Sapphire HR=3139.0, Crizal Rock=2869.0, Crizal Easy Pro=2519.0, Optifog=2759.0, No Reflex=2369.0, Trio Easy Clean=2319.0, Verniz Hc=2119.0",Pagina 32,0.86
LENTES KODAK®,Stylis 1.67,LENTES KODAK® UNIQUE INFINITE Stylis 1.67,Resina High Index,1.67,2379.0,"Crizal Prevencia=3399.0, Crizal Sapphire HR=3399.0, Crizal Rock=3129.0, Crizal Easy Pro=2779.0, Optifog=3019.0, No Reflex=2629.0, Trio Easy Clean=2579.0, Verniz Hc=2379.0",Pagina 32,0.86
LENTES KODAK®,Stylis 1.67 + Transitions Gen S,LENTES KODAK® UNIQUE INFINITE Stylis 1.67 + Transitions Gen S,Resina High Index,1.67,3319.0,"Crizal Prevencia=4339.0, Crizal Sapphire HR=4339.0, Crizal Rock=4069.0, Crizal Easy Pro=3719.0, Optifog=3959.0, No Reflex=3569.0, Trio Easy Clean=3519.0, Verniz Hc=3319.0",Pagina 32,0.86
LENTES KODAK®,Stylis 1.74,LENTES KODAK® UNIQUE INFINITE Stylis 1.74,Resina High Index,1.74,4179.0,Crizal Sapphire HR=4179.0,Pagina 32,0.86
LENTES KODAK®,Stylis 1.74 + Transitions Gen S,LENTES KODAK® UNIQUE INFINITE Stylis 1.74 + Transitions Gen S,Resina High Index,1.74,5119.0,Crizal Sapphire HR=5119.0,Pagina 32,0.86
LENTES KODAK®,1.50,LENTES KODAK® LENTES KODAK UNIQUE UHD CRIZAL 1.50,Resina,1.5,829.0,"Crizal Prevencia=1849.0, Crizal Sapphire HR=1849.0, Crizal Rock=1579.0, Crizal Easy Pro=1229.0, Optifog=1469.0, No Reflex=1079.0, Trio Easy Clean=1029.0, Verniz Hc=829.0",Pagina 33,0.86
LENTES KODAK®,1.50 + Transitions Extractive,LENTES KODAK® LENTES KODAK UNIQUE UHD CRIZAL 1.50 + Transitions Extractive,Resina,1.5,1839.0,"Crizal Prevencia=2859.0, Crizal Sapphire HR=2859.0, Crizal Rock=2589.0, Crizal Easy Pro=2239.0, Optifog=2479.0, No Reflex=2089.0, Trio Easy Clean=2039.0, Verniz Hc=1839.0",Pagina 33,0.86
LENTES KODAK®,1.50 + Transitions Gen S,LENTES KODAK® LENTES KODAK UNIQUE UHD CRIZAL 1.50 + Transitions Gen S,Resina,1.5,1769.0,"Crizal Prevencia=2789.0, Crizal Sapphire HR=2789.0, Crizal Rock=2519.0, Crizal Easy Pro=2169.0, Optifog=2409.0, No Reflex=2019.0, Trio Easy Clean=1969.0, Verniz Hc=1769.0",Pagina 33,0.86
LENTES KODAK®,Poly,LENTES KODAK® LENTES KODAK UNIQUE UHD CRIZAL Poly,Policarbonato,1.59,1049.0,"Crizal Prevencia=2069.0, Crizal Sapphire HR=2069.0, Crizal Rock=1799.0, Crizal Easy Pro=1449.0, Optifog=1689.0, No Reflex=1299.0, Trio Easy Clean=1249.0, Verniz Hc=1049.0",Pagina 33,0.86
LENTES KODAK®,Poly + Transitions Extractive,LENTES KODAK® LENTES KODAK UNIQUE UHD CRIZAL Poly + Transitions Extractive,Policarbonato,1.59,2059.0,"Crizal Prevencia=3079.0, Crizal Sapphire HR=3079.0, Crizal Rock=2809.0, Crizal Easy Pro=2459.0, Optifog=2699.0, No Reflex=2309.0, Trio Easy Clean=2259.0, Verniz Hc=2059.0",Pagina 33,0.86
LENTES KODAK®,Poly + Transitions Gen S,LENTES KODAK® LENTES KODAK UNIQUE UHD CRIZAL Poly + Transitions Gen S,Policarbonato,1.59,1989.0,"Crizal Prevencia=3009.0, Crizal Sapphire HR=3009.0, Crizal Rock=2739.0, Crizal Easy Pro=2389.0, Optifog=2629.0, No Reflex=2239.0, Trio Easy Clean=2189.0, Verniz Hc=1989.0",Pagina 33,0.86
LENTES KODAK®,Stylis 1.67,LENTES KODAK® LENTES KODAK UNIQUE UHD CRIZAL Stylis 1.67,Resina High Index,1.67,2449.0,"Crizal Prevencia=3269.0, Crizal Sapphire HR=3269.0, Crizal Rock=2999.0, Crizal Easy Pro=2649.0, Optifog=2889.0, No Reflex=2499.0, Trio Easy Clean=2449.0",Pagina 33,0.86
LENTES KODAK®,Stylis 1.67 + Transitions Gen S,LENTES KODAK® LENTES KODAK UNIQUE UHD CRIZAL Stylis 1.67 + Transitions Gen S,Resina High Index,1.67,3389.0,"Crizal Prevencia=4209.0, Crizal Sapphire HR=4209.0, Crizal Rock=3939.0, Crizal Easy Pro=3589.0, Optifog=3829.0, No Reflex=3439.0, Trio Easy Clean=3389.0",Pagina 33,0.86
LENTES KODAK®,Stylis 1.74,LENTES KODAK® LENTES KODAK UNIQUE UHD CRIZAL Stylis 1.74,Resina High Index,1.74,4049.0,Crizal Sapphire HR=4049.0,Pagina 33,0.86
LENTES KODAK®,Stylis 1.74 + Transitions Gen S,LENTES KODAK® LENTES KODAK UNIQUE UHD CRIZAL Stylis 1.74 + Transitions Gen S,Resina High Index,1.74,4989.0,Crizal Sapphire HR=4989.0,Pagina 33,0.86
LENTES KODAK®,1.50,LENTES KODAK® MULTIFOCAL TRADICIONAL LENTES KODAK PRECISE CRIZAL 1.50,Resina,1.5,449.0,"Crizal Prevencia=1469.0, Crizal Sapphire HR=1469.0, Crizal Rock=1199.0, Crizal Easy Pro=849.0, Optifog=1089.0, No Reflex=699.0, Trio Easy Clean=649.0, Verniz Hc=449.0",Pagina 33,0.86
LENTES KODAK®,1.50 + Transitions Gen S,LENTES KODAK® MULTIFOCAL TRADICIONAL LENTES KODAK PRECISE CRIZAL 1.50 + Transitions Gen S,Resina,1.5,1389.0,"Crizal Prevencia=2409.0, Crizal Sapphire HR=2409.0, Crizal Rock=2139.0, Crizal Easy Pro=1789.0, Optifog=2029.0, No Reflex=1639.0, Trio Easy Clean=1589.0, Verniz Hc=1389.0",Pagina 33,0.86
LENTES KODAK®,Poly,LENTES KODAK® MULTIFOCAL TRADICIONAL LENTES KODAK PRECISE CRIZAL Poly,Policarbonato,1.59,809.0,"Crizal Prevencia=1829.0, Crizal Sapphire HR=1829.0, Crizal Rock=1559.0, Crizal Easy Pro=1209.0, Optifog=1449.0, No Reflex=1059.0, Trio Easy Clean=1009.0, Verniz Hc=809.0",Pagina 33,0.86
LENTES KODAK®,Poly + Transitions Gen S,LENTES KODAK® MULTIFOCAL TRADICIONAL LENTES KODAK PRECISE CRIZAL Poly + Transitions Gen S,Policarbonato,1.59,1609.0,"Crizal Prevencia=2629.0, Crizal Sapphire HR=2629.0, Crizal Rock=2359.0, Crizal Easy Pro=2009.0, Optifog=2249.0, No Reflex=1859.0, Trio Easy Clean=1809.0, Verniz Hc=1609.0",Pagina 33,0.86
LENTES KODAK®,1.50,LENTES KODAK® MULTIFOCAL DIGITAL LENTES KODAK NETWORK UHD CRIZAL 1.50,Resina,1.5,709.0,"Crizal Prevencia=1729.0, Crizal Sapphire HR=1729.0, Crizal Rock=1459.0, Crizal Easy Pro=1109.0, Optifog=1349.0, No Reflex=959.0, Trio Easy Clean=909.0, Verniz Hc=709.0",Pagina 34,0.86
LENTES KODAK®,1.50 + Transitions Extractive,LENTES KODAK® MULTIFOCAL DIGITAL LENTES KODAK NETWORK UHD CRIZAL 1.50 + Transitions Extractive,Resina,1.5,1719.0,"Crizal Prevencia=2739.0, Crizal Sapphire HR=2739.0, Crizal Rock=2469.0, Crizal Easy Pro=2119.0, Optifog=2359.0, No Reflex=1969.0, Trio Easy Clean=1919.0, Verniz Hc=1719.0",Pagina 34,0.86
LENTES KODAK®,1.50 + Transitions Gen S,LENTES KODAK® MULTIFOCAL DIGITAL LENTES KODAK NETWORK UHD CRIZAL 1.50 + Transitions Gen S,Resina,1.5,1649.0,"Crizal Prevencia=2669.0, Crizal Sapphire HR=2669.0, Crizal Rock=2399.0, Crizal Easy Pro=2049.0, Optifog=2289.0, No Reflex=1899.0, Trio Easy Clean=1849.0, Verniz Hc=1649.0",Pagina 34,0.86
LENTES KODAK®,Poly,LENTES KODAK® MULTIFOCAL DIGITAL LENTES KODAK NETWORK UHD CRIZAL Poly,Policarbonato,1.59,929.0,"Crizal Prevencia=1949.0, Crizal Sapphire HR=1949.0, Crizal Rock=1679.0, Crizal Easy Pro=1329.0, Optifog=1569.0, No Reflex=1179.0, Trio Easy Clean=1129.0, Verniz Hc=929.0",Pagina 34,0.86
LENTES KODAK®,Poly + Transitions Extractive,LENTES KODAK® MULTIFOCAL DIGITAL LENTES KODAK NETWORK UHD CRIZAL Poly + Transitions Extractive,Policarbonato,1.59,1939.0,"Crizal Prevencia=2959.0, Crizal Sapphire HR=2959.0, Crizal Rock=2689.0, Crizal Easy Pro=2339.0, Optifog=2579.0, No Reflex=2189.0, Trio Easy Clean=2139.0, Verniz Hc=1939.0",Pagina 34,0.86
LENTES KODAK®,Poly + Transitions Gen S,LENTES KODAK® MULTIFOCAL DIGITAL LENTES KODAK NETWORK UHD CRIZAL Poly + Transitions Gen S,Policarbonato,1.59,1869.0,"Crizal Prevencia=2889.0, Crizal Sapphire HR=2889.0, Crizal Rock=2619.0, Crizal Easy Pro=2269.0, Optifog=2509.0, No Reflex=2119.0, Trio Easy Clean=2069.0, Verniz Hc=1869.0",Pagina 34,0.86
LENTES KODAK®,Stylis 1.67,LENTES KODAK® MULTIFOCAL DIGITAL LENTES KODAK NETWORK UHD CRIZAL Stylis 1.67,Resina High Index,1.67,2329.0,"Crizal Prevencia=3149.0, Crizal Sapphire HR=3149.0, Crizal Rock=2879.0, Crizal Easy Pro=2529.0, Optifog=2769.0, No Reflex=2379.0, Trio Easy Clean=2329.0",Pagina 34,0.86
LENTES KODAK®,Stylis 1.67 + Transitions Gen S,LENTES KODAK® MULTIFOCAL DIGITAL LENTES KODAK NETWORK UHD CRIZAL Stylis 1.67 + Transitions Gen S,Resina High Index,1.67,3269.0,"Crizal Prevencia=4089.0, Crizal Sapphire HR=4089.0, Crizal Rock=3819.0, Crizal Easy Pro=3469.0, Optifog=3709.0, No Reflex=3319.0, Trio Easy Clean=3269.0",Pagina 34,0.86
LENTES KODAK®,1.50,LENTES KODAK® MULTIFOCAL DIGITAL LENTES KODAK PRECISE UHD CRIZAL 1.50,Resina,1.5,449.0,"Crizal Prevencia=1469.0, Crizal Sapphire HR=1469.0, Crizal Rock=1199.0, Crizal Easy Pro=849.0, Optifog=1089.0, No Reflex=699.0, Trio Easy Clean=649.0, Verniz Hc=449.0",Pagina 34,0.86
LENTES KODAK®,1.50 + Transitions Gen S,LENTES KODAK® MULTIFOCAL DIGITAL LENTES KODAK PRECISE UHD CRIZAL 1.50 + Transitions Gen S,Resina,1.5,1389.0,"Crizal Prevencia=2409.0, Crizal Sapphire HR=2409.0, Crizal Rock=2139.0, Crizal Easy Pro=1789.0, Optifog=2029.0, No Reflex=1639.0, Trio Easy Clean=1589.0, Verniz Hc=1389.0",Pagina 34,0.86
LENTES KODAK®,Poly,LENTES KODAK® MULTIFOCAL DIGITAL LENTES KODAK PRECISE UHD CRIZAL Poly,Policarbonato,1.59,809.0,"Crizal Prevencia=1829.0, Crizal Sapphire HR=1829.0, Crizal Rock=1559.0, Crizal Easy Pro=1209.0, Optifog=1449.0, No Reflex=1059.0, Trio Easy Clean=1009.0, Verniz Hc=809.0",Pagina 34,0.86
LENTES KODAK®,Poly + Transitions Gen S,LENTES KODAK® MULTIFOCAL DIGITAL LENTES KODAK PRECISE UHD CRIZAL Poly + Transitions Gen S,Policarbonato,1.59,1609.0,"Crizal Prevencia=2629.0, Crizal Sapphire HR=2629.0, Crizal Rock=2359.0, Crizal Easy Pro=2009.0, Optifog=2249.0, No Reflex=1859.0, Trio Easy Clean=1809.0, Verniz Hc=1609.0",Pagina 34,0.86
LENTES KODAK®,Stylis 1.67,LENTES KODAK® MULTIFOCAL DIGITAL LENTES KODAK PRECISE UHD CRIZAL Stylis 1.67,Resina High Index,1.67,2209.0,"Crizal Prevencia=3029.0, Crizal Sapphire HR=3029.0, Crizal Rock=2759.0, Crizal Easy Pro=2409.0, Optifog=2649.0, No Reflex=2259.0, Trio Easy Clean=2209.0",Pagina 34,0.86
LENTES KODAK®,Stylis 1.67 + Transitions Gen S,LENTES KODAK® MULTIFOCAL DIGITAL LENTES KODAK PRECISE UHD CRIZAL Stylis 1.67 + Transitions Gen S,Resina High Index,1.67,3009.0,"Crizal Prevencia=3829.0, Crizal Sapphire HR=3829.0, Crizal Rock=3559.0, Crizal Easy Pro=3209.0, Optifog=3449.0, No Reflex=3059.0, Trio Easy Clean=3009.0",Pagina 34,0.86
LENTES KODAK®,1.50,LENTES KODAK® LENTES KODAK SINGLE CRIZAL 1.50,Resina,1.5,239.0,"Crizal Prevencia=1259.0, Crizal Sapphire HR=1259.0, Crizal Rock=989.0, Crizal Easy Pro=639.0, Optifog=879.0, No Reflex=489.0, Trio Easy Clean=439.0, Verniz Hc=239.0",Pagina 35,0.86
LENTES KODAK®,1.50 + Blue UV Filter,LENTES KODAK® LENTES KODAK SINGLE CRIZAL 1.50 + Blue UV Filter,Resina,1.5,319.0,"Crizal Prevencia=1339.0, Crizal Sapphire HR=1339.0, Crizal Rock=1069.0, Crizal Easy Pro=719.0, Optifog=959.0, No Reflex=569.0, Trio Easy Clean=519.0, Verniz Hc=319.0",Pagina 35,0.86
LENTES KODAK®,1.50 + Transitions Extractive,LENTES KODAK® LENTES KODAK SINGLE CRIZAL 1.50 + Transitions Extractive,Resina,1.5,1099.0,"Crizal Prevencia=2119.0, Crizal Sapphire HR=2119.0, Crizal Rock=1849.0, Crizal Easy Pro=1499.0, Optifog=1739.0, No Reflex=1349.0, Trio Easy Clean=1299.0, Verniz Hc=1099.0",Pagina 35,0.86
LENTES KODAK®,1.50 + Transitions Gen S,LENTES KODAK® LENTES KODAK SINGLE CRIZAL 1.50 + Transitions Gen S,Resina,1.5,1029.0,"Crizal Prevencia=2049.0, Crizal Sapphire HR=2049.0, Crizal Rock=1779.0, Crizal Easy Pro=1429.0, Optifog=1669.0, No Reflex=1279.0, Trio Easy Clean=1229.0, Verniz Hc=1029.0",Pagina 35,0.86
LENTES KODAK®,Poly,LENTES KODAK® LENTES KODAK SINGLE CRIZAL Poly,Policarbonato,1.59,409.0,"Crizal Prevencia=1429.0, Crizal Sapphire HR=1429.0, Crizal Rock=1159.0, Crizal Easy Pro=809.0, Optifog=1049.0, No Reflex=659.0, Trio Easy Clean=609.0, Verniz Hc=409.0",Pagina 35,0.86
LENTES KODAK®,Poly + Transitions Extractive,LENTES KODAK® LENTES KODAK SINGLE CRIZAL Poly + Transitions Extractive,Policarbonato,1.59,1269.0,"Crizal Prevencia=2289.0, Crizal Sapphire HR=2289.0, Crizal Rock=2019.0, Crizal Easy Pro=1669.0, Optifog=1909.0, No Reflex=1519.0, Trio Easy Clean=1469.0, Verniz Hc=1269.0",Pagina 35,0.86
LENTES KODAK®,Poly + Transitions Gen S,LENTES KODAK® LENTES KODAK SINGLE CRIZAL Poly + Transitions Gen S,Policarbonato,1.59,1199.0,"Crizal Prevencia=2219.0, Crizal Sapphire HR=2219.0, Crizal Rock=1949.0, Crizal Easy Pro=1599.0, Optifog=1839.0, No Reflex=1449.0, Trio Easy Clean=1399.0, Verniz Hc=1199.0",Pagina 35,0.86
LENTES KODAK®,Stylis 1.67,LENTES KODAK® LENTES KODAK SINGLE CRIZAL Stylis 1.67,Resina High Index,1.67,1529.0,"Crizal Prevencia=2349.0, Crizal Sapphire HR=2349.0, Crizal Rock=2079.0, Crizal Easy Pro=1729.0, Optifog=1969.0, No Reflex=1579.0, Trio Easy Clean=1529.0",Pagina 35,0.86
LENTES KODAK®,Stylis 1.67 + Transitions Gen S,LENTES KODAK® LENTES KODAK SINGLE CRIZAL Stylis 1.67 + Transitions Gen S,Resina High Index,1.67,2319.0,"Crizal Prevencia=3139.0, Crizal Sapphire HR=3139.0, Crizal Rock=2869.0, Crizal Easy Pro=2519.0, Optifog=2759.0, No Reflex=2369.0, Trio Easy Clean=2319.0",Pagina 35,0.86
LENTES KODAK®,Stylis 1.74,LENTES KODAK® LENTES KODAK SINGLE CRIZAL Stylis 1.74,Resina High Index,1.74,3059.0,Crizal Sapphire HR=3059.0,Pagina 35,0.86
LENTES KODAK®,Stylis 1.74 + Transitions Gen S,LENTES KODAK® LENTES KODAK SINGLE CRIZAL Stylis 1.74 + Transitions Gen S,Resina High Index,1.74,3849.0,Crizal Sapphire HR=3849.0,Pagina 35,0.86
LENTES KODAK®,Lentes KODAK Blue 1.56,LENTES KODAK® LENTES PRONTAS Lentes KODAK Blue 1.56,Resina,1.56,219.0,,Pagina 35,0.82
LENTES KODAK®,Lentes KODAK Blue 1.67,LENTES KODAK® LENTES PRONTAS Lentes KODAK Blue 1.67,Resina,1.67,879.0,,Pagina 35,0.82
LENTES KODAK®,Lentes KODAK Blue Poly,LENTES KODAK® LENTES PRONTAS Lentes KODAK Blue Poly,Policarbonato,1.59,319.0,,Pagina 35,0.82
LENTES KODAK®,Lentes KODAK City 1.50 Transitions Gen 8*,LENTES KODAK® LENTES PRONTAS Lentes KODAK City 1.50 Transitions Gen 8*,Resina,1.5,329.0,,Pagina 35,0.82
LENTES KODAK®,Lentes KODAK City 1.56,LENTES KODAK® LENTES PRONTAS Lentes KODAK City 1.56,Resina,1.56,429.0,,Pagina 35,0.82
LENTES KODAK®,Lentes KODAK City 1.67,LENTES KODAK® LENTES PRONTAS Lentes KODAK City 1.67,Resina,1.67,649.0,,Pagina 35,0.82
LENTES KODAK®,Lentes KODAK City Poly,LENTES KODAK® LENTES PRONTAS Lentes KODAK City Poly,Policarbonato,1.59,989.0,,Pagina 35,0.82
LENTES KODAK®,Lentes KODAK Intro 1.56,LENTES KODAK® LENTES PRONTAS Lentes KODAK Intro 1.56,Resina,1.56,109.0,,Pagina 35,0.82
LENTES KODAK®,Lentes KODAK Intro Poly,LENTES KODAK® LENTES PRONTAS Lentes KODAK Intro Poly,Policarbonato,1.59,209.0,,Pagina 35,0.82
LENTES KODAK®,1.50,LENTES KODAK® SOLARES Lentes KODAK Easy Sun 1.50,Resina,1.5,639.0,Verniz Hc=639.0,Pagina 36,0.86
LENTES KODAK®,1.50 + Coloração especial,LENTES KODAK® SOLARES Lentes KODAK Easy Sun 1.50 + Coloração especial,Resina,1.5,749.0,Verniz Hc=749.0,Pagina 36,0.86
LENTES KODAK®,1.50 + Xperio cinza/marrom/verde,LENTES KODAK® SOLARES Lentes KODAK Easy Sun 1.50 + Xperio cinza/marrom/verde,Resina,1.5,1029.0,"Crizal Sapphire HR Face Interna=1689.0, Optifog=1669.0, Verniz Hc=1029.0",Pagina 36,0.86
LENTES KODAK®,Poly,LENTES KODAK® SOLARES Lentes KODAK Easy Sun Poly,Policarbonato,1.59,859.0,Verniz Hc=859.0,Pagina 36,0.86
LENTES KODAK®,Poly + Coloração especial,LENTES KODAK® SOLARES Lentes KODAK Easy Sun Poly + Coloração especial,Policarbonato,1.59,969.0,Verniz Hc=969.0,Pagina 36,0.86
LENTES KODAK®,Poly + Xperio cinza/marrom/verde,LENTES KODAK® SOLARES Lentes KODAK Easy Sun Poly + Xperio cinza/marrom/verde,Policarbonato,1.59,1249.0,"Crizal Sapphire HR Face Interna=1909.0, Optifog=1889.0, Verniz Hc=1249.0",Pagina 36,0.86
LENTES KODAK®,1.50,LENTES KODAK® SOLARES Lentes KODAK Single Sun 1.50,Resina,1.5,399.0,Verniz Hc=399.0,Pagina 36,0.86
LENTES KODAK®,1.50 + Coloração especial,LENTES KODAK® SOLARES Lentes KODAK Single Sun 1.50 + Coloração especial,Resina,1.5,509.0,Verniz Hc=509.0,Pagina 36,0.86
LENTES KODAK®,1.50 + Xperio cinza/marrom/verde,LENTES KODAK® SOLARES Lentes KODAK Single Sun 1.50 + Xperio cinza/marrom/verde,Resina,1.5,869.0,"Crizal Sapphire HR Face Interna=1529.0, Optifog=1509.0, Verniz Hc=869.0",Pagina 36,0.86
LENTES KODAK®,Poly,LENTES KODAK® SOLARES Lentes KODAK Single Sun Poly,Policarbonato,1.59,569.0,Verniz Hc=569.0,Pagina 36,0.86
LENTES KODAK®,Poly + Coloração especial,LENTES KODAK® SOLARES Lentes KODAK Single Sun Poly + Coloração especial,Policarbonato,1.59,679.0,Verniz Hc=679.0,Pagina 36,0.86
LENTES KODAK®,Poly + Xperio cinza/marrom/verde,LENTES KODAK® SOLARES Lentes KODAK Single Sun Poly + Xperio cinza/marrom/verde,Policarbonato,1.59,699.0,"Crizal Sapphire HR Face Interna=1359.0, Optifog=1339.0, Verniz Hc=699.0",Pagina 36,0.86
LENTES ESPACE®,1.67,LENTES ESPACE® DIGITAL 1.67,Resina,1.67,2381.0,"Crizal Prevencia=3242.0, Crizal Sapphire HR=3242.0, Crizal Rock=2950.0, Crizal Easy Pro=2561.0, Optifog=2861.0, Trio Easy Clean=2381.0",Pagina 37,0.86
LENTES ESPACE®,1.67 + Transitions Gen S,LENTES ESPACE® DIGITAL 1.67 + Transitions Gen S,Resina,1.67,3226.0,"Crizal Prevencia=4087.0, Crizal Sapphire HR=4087.0, Crizal Rock=3794.0, Crizal Easy Pro=3406.0, Optifog=3706.0, Trio Easy Clean=3226.0",Pagina 37,0.86
LENTES ESPACE®,Orma,LENTES ESPACE® DIGITAL Orma,Resina,1.5,844.0,"Crizal Prevencia=1937.0, Crizal Sapphire HR=1937.0, Crizal Rock=1644.0, Crizal Easy Pro=1159.0, Optifog=1547.0, Trio Easy Clean=947.0, Verniz Hc=844.0",Pagina 37,0.86
LENTES ESPACE®,Orma + Blue UV Filter,LENTES ESPACE® DIGITAL Orma + Blue UV Filter,Resina,1.5,1066.0,"Crizal Prevencia=2040.0, Crizal Sapphire HR=2040.0, Crizal Rock=1656.0, Crizal Easy Pro=1255.0, Optifog=1555.0, Trio Easy Clean=1075.0, Verniz Hc=1066.0",Pagina 37,0.86
LENTES ESPACE®,Orma + Transitions Gen S,LENTES ESPACE® DIGITAL Orma + Transitions Gen S,Resina,1.5,1718.0,"Crizal Prevencia=2914.0, Crizal Sapphire HR=2914.0, Crizal Rock=2530.0, Crizal Easy Pro=2033.0, Optifog=2421.0, Trio Easy Clean=1821.0, Verniz Hc=1718.0",Pagina 37,0.86
LENTES ESPACE®,Orma + Xperio,LENTES ESPACE® DIGITAL Orma + Xperio,Resina,1.5,1548.0,"Crizal Sapphire HR=1836.0, Optifog=1850.0, Verniz Hc=1548.0",Pagina 37,0.86
LENTES ESPACE®,Poly,LENTES ESPACE® DIGITAL Poly,Policarbonato,1.59,936.0,"Crizal Prevencia=2132.0, Crizal Sapphire HR=2132.0, Crizal Rock=1748.0, Crizal Easy Pro=1251.0, Optifog=1639.0, Trio Easy Clean=1039.0, Verniz Hc=936.0",Pagina 37,0.86
LENTES ESPACE®,Poly + Transitions Gen S,LENTES ESPACE® DIGITAL Poly + Transitions Gen S,Policarbonato,1.59,1984.0,"Crizal Prevencia=3180.0, Crizal Sapphire HR=3180.0, Crizal Rock=2796.0, Crizal Easy Pro=2300.0, Optifog=2688.0, Trio Easy Clean=2088.0, Verniz Hc=1984.0",Pagina 37,0.86
LENTES ESPACE®,Poly + Xperio,LENTES ESPACE® DIGITAL Poly + Xperio,Policarbonato,1.59,1315.0,"Crizal Sapphire HR=2035.0, Optifog=2050.0, Verniz Hc=1315.0",Pagina 37,0.86
LENTES ESPACE®,Orma,LENTES ESPACE® TRADICIONAL Espace Plus Tradicional Orma,Resina,1.5,886.0,"Crizal Prevencia=1709.0, Crizal Sapphire HR=1709.0, Crizal Rock=1428.0, Crizal Easy Pro=1056.0, Optifog=1343.0, Trio Easy Clean=883.0, Verniz Hc=886.0",Pagina 37,0.86
LENTES ESPACE®,Orma + Acclimates III new cinza,LENTES ESPACE® TRADICIONAL Espace Plus Tradicional Orma + Acclimates III new cinza,Resina,1.5,901.0,"Crizal Prevencia=2003.0, Crizal Sapphire HR=2003.0, Crizal Rock=1653.0, Crizal Easy Pro=1191.0, Optifog=1561.0, Trio Easy Clean=989.0, Verniz Hc=901.0",Pagina 37,0.86
LENTES ESPACE®,Orma + Transitions Gen S,LENTES ESPACE® TRADICIONAL Espace Plus Tradicional Orma + Transitions Gen S,Resina,1.5,1803.0,"Crizal Prevencia=2627.0, Crizal Sapphire HR=2627.0, Crizal Rock=2346.0, Crizal Easy Pro=1973.0, Optifog=2261.0, Trio Easy Clean=1801.0, Verniz Hc=1803.0",Pagina 37,0.86
LENTES ESPACE®,Poly,LENTES ESPACE® TRADICIONAL Espace Plus Tradicional Poly,Policarbonato,1.59,1921.0,"Crizal Prevencia=3547.0, Crizal Sapphire HR=3547.0, Crizal Rock=3266.0, Crizal Easy Pro=2894.0, Optifog=3181.0, Trio Easy Clean=2721.0, Verniz Hc=1921.0",Pagina 37,0.86
LENTES ESPACE®,Orma,LENTES ESPACE® TRADICIONAL Espace Tradicional Orma,Resina,1.5,809.0,"Crizal Prevencia=1633.0, Crizal Sapphire HR=1633.0, Crizal Rock=1352.0, Crizal Easy Pro=979.0, Optifog=1267.0, Trio Easy Clean=807.0, Verniz Hc=809.0",Pagina 37,0.86
LENTES ESPACE®,Orma + Acclimates III new cinza,LENTES ESPACE® TRADICIONAL Espace Tradicional Orma + Acclimates III new cinza,Resina,1.5,1407.0,"Crizal Prevencia=2231.0, Crizal Sapphire HR=2231.0, Crizal Rock=1950.0, Crizal Easy Pro=1577.0, Optifog=1865.0, Trio Easy Clean=1405.0, Verniz Hc=1407.0",Pagina 37,0.86
LENTES ESPACE®,Poly,LENTES ESPACE® TRADICIONAL Espace Tradicional Poly,Policarbonato,1.59,933.0,"Crizal Prevencia=1757.0, Crizal Sapphire HR=1757.0, Crizal Rock=1476.0, Crizal Easy Pro=1104.0, Optifog=1391.0, Trio Easy Clean=931.0, Verniz Hc=933.0",Pagina 37,0.86
LENTES BIFOCAIS,Flap Top CR-39,LENTES BIFOCAIS Flap Top CR-39,Resina,1.5,746.0,"Vert Clair=1026.0, Trio Easy Clean=746.0, Verniz Hc=748.0",Pagina 38,0.86
LENTES BIFOCAIS,Flap Top CR-39 + Transitions Gen S,LENTES BIFOCAIS Flap Top CR-39 + Transitions Gen S,Resina,1.5,1936.0,"Vert Clair=2217.0, Trio Easy Clean=1936.0, Verniz Hc=1939.0",Pagina 38,0.86
LENTES BIFOCAIS,Ultex CR-39,LENTES BIFOCAIS Ultex CR-39,Resina,1.5,603.0,"Vert Clair=884.0, Trio Easy Clean=603.0, Verniz Hc=605.0",Pagina 38,0.86
LENTES BIFOCAIS,Ultex CR-39 + Transitions Gen S,LENTES BIFOCAIS Ultex CR-39 + Transitions Gen S,Resina,1.5,1989.0,"Vert Clair=2270.0, Trio Easy Clean=1989.0, Verniz Hc=1992.0",Pagina 38,0.86
LENTES BIFOCAIS,iTop Hyper Bifocal 1.60,LENTES BIFOCAIS iTop Hyper Bifocal 1.60,Resina,1.6,1306.0,"Vert Clair=1830.0, Trio Easy Clean=1550.0, Verniz Hc=1306.0",Pagina 38,0.86
LENTES BIFOCAIS,iTop Hyper Bifocal 1.67,LENTES BIFOCAIS iTop Hyper Bifocal 1.67,Resina,1.67,1446.0,"Vert Clair=1970.0, Trio Easy Clean=1690.0, Verniz Hc=1446.0",Pagina 38,0.86
LENTES BIFOCAIS,iTop Hyper Bifocal Poly,LENTES BIFOCAIS iTop Hyper Bifocal Poly,Policarbonato,1.59,1052.0,"Vert Clair=1577.0, Trio Easy Clean=1296.0, Verniz Hc=1052.0",Pagina 38,0.86
iTop,1.56,iTop LENTES ACABADAS 1.56,Resina,1.56,332.0,,Pagina 39,0.9
iTop,1.56 Cilíndrico Estendido,iTop LENTES ACABADAS 1.56 Cilíndrico Estendido,Resina,1.56,405.0,,Pagina 39,0.9
iTop,1.59,iTop LENTES ACABADAS 1.59,Policarbonato,1.59,387.0,,Pagina 39,0.9
iTop,1.59 Cilíndrico Estendido,iTop LENTES ACABADAS 1.59 Cilíndrico Estendido,Policarbonato,1.59,552.0,,Pagina 39,0.9
iTop,1.67,iTop LENTES ACABADAS 1.67,Resina High Index,1.67,932.0,,Pagina 39,0.9
iTop,1.56 UV Led Protection Single Digital,iTop LENTES SURFAÇADAS DIGITAIS 1.56 UV Led Protection Single Digital,Resina,1.56,1118.0,"Vert Clair=1688.0, Trio Easy Clean=1383.0, Verniz HC=1118.0",Pagina 39,0.88
iTop,1.67 UV Led Protection Single Digital,iTop LENTES SURFAÇADAS DIGITAIS 1.67 UV Led Protection Single Digital,Resina,1.67,2567.0,"Vert Clair=2856.0, Trio Easy Clean=2567.0",Pagina 39,0.88
iTop,1.74 Digital,iTop LENTES SURFAÇADAS DIGITAIS 1.74 Digital,Resina,1.74,2856.0,"Vert Clair=3407.0, Trio Easy Clean=2856.0",Pagina 39,0.88
iTop,1.74 Transitions Gen 8 Digital,iTop LENTES SURFAÇADAS DIGITAIS 1.74 Transitions Gen 8 Digital,Resina,1.74,5809.0,"Vert Clair=6090.0, Trio Easy Clean=5809.0",Pagina 39,0.88
iTop,1.74 UV Led Protection Single Digital,iTop LENTES SURFAÇADAS DIGITAIS 1.74 UV Led Protection Single Digital,Resina,1.74,3249.0,"Vert Clair=3853.0, Trio Easy Clean=3249.0",Pagina 39,0.88
iTop,1.50,iTop PROGRESSIVA 1.50,Resina,1.5,998.0,"Vert Clair=1300.0, Trio Easy Clean=1080.0, Verniz Hc=998.0",Pagina 40,0.86
iTop,1.50 + Sun Light Photo,iTop PROGRESSIVA 1.50 + Sun Light Photo,Resina,1.5,1210.0,"Vert Clair=1513.0, Trio Easy Clean=1293.0, Verniz Hc=1210.0",Pagina 40,0.86
iTop,1.50 + Transitions Gen S,iTop PROGRESSIVA 1.50 + Transitions Gen S,Resina,1.5,2278.0,"Vert Clair=2581.0, Trio Easy Clean=2361.0, Verniz Hc=2278.0",Pagina 40,0.86
iTop,1.56 UV Led Protection,iTop PROGRESSIVA 1.56 UV Led Protection,Resina,1.56,1813.0,"Vert Clair=2115.0, Trio Easy Clean=1895.0, Verniz Hc=1813.0",Pagina 40,0.86
iTop,1.59,iTop PROGRESSIVA 1.59,Resina,1.59,1140.0,"Vert Clair=1443.0, Trio Easy Clean=1223.0, Verniz Hc=1140.0",Pagina 40,0.86
iTop,1.59 + Transitions Gen S,iTop PROGRESSIVA 1.59 + Transitions Gen S,Resina,1.59,2958.0,"Vert Clair=3261.0, Trio Easy Clean=3041.0, Verniz Hc=2958.0",Pagina 40,0.86
iTop,1.67,iTop PROGRESSIVA 1.67,Resina,1.67,3548.0,"Vert Clair=3768.0, Trio Easy Clean=3548.0",Pagina 40,0.86
iTop,1.67 + Transitions Gen S,iTop PROGRESSIVA 1.67 + Transitions Gen S,Resina,1.67,7480.0,"Vert Clair=7700.0, Trio Easy Clean=7480.0",Pagina 40,0.86
iTop,1.67 UV Led Protection,iTop PROGRESSIVA 1.67 UV Led Protection,Resina,1.67,3890.0,"Vert Clair=4110.0, Trio Easy Clean=3890.0",Pagina 40,0.86
iTop,1.74,iTop PROGRESSIVA 1.74,Resina,1.74,5647.0,"Vert Clair=5867.0, Trio Easy Clean=5647.0",Pagina 40,0.86
iTop,1.74 + Transitions Gen S,iTop PROGRESSIVA 1.74 + Transitions Gen S,Resina,1.74,9753.0,"Vert Clair=9973.0, Trio Easy Clean=9753.0",Pagina 40,0.86
iTop,1.74 UV Led Protection,iTop PROGRESSIVA 1.74 UV Led Protection,Resina,1.74,5963.0,"Vert Clair=6183.0, Trio Easy Clean=5963.0",Pagina 40,0.86
iTop,1.50 iTop Sun Light Protection Photo,iTop VISÃO SIMPLES Blocos 1.50 iTop Sun Light Protection Photo,Resina,1.5,658.0,"Vert Clair=1226.0, Trio Easy Clean=1006.0, Verniz Hc=925.0, Surf=658.0",Pagina 40,0.86
iTop,1.67 iTop Single Clear Esférico,iTop VISÃO SIMPLES Blocos 1.67 iTop Single Clear Esférico,Resina,1.67,1482.0,"Vert Clair=2085.0, Trio Easy Clean=1862.0, Verniz Hc=1482.0",Pagina 40,0.86
iTop,1.50 Espelhado,iTop SOLARES / COLORAÇÃO iTop Summer Progressive 1.50 Espelhado,Resina,1.5,2640.0,,Pagina 41,0.84
iTop,1.50 Espelhado,iTop SOLARES / COLORAÇÃO iTop Summer Single 1.50 Espelhado,Resina,1.5,1506.0,,Pagina 41,0.84
LENTES VS SOLARES PLANAS ACABADAS,Degradê CR-39,LENTES VS SOLARES PLANAS ACABADAS Degradê CR-39,Resina,1.5,216.0,,Pagina 43,0.86
LENTES VS SOLARES PLANAS ACABADAS,Degradê Poly,LENTES VS SOLARES PLANAS ACABADAS Degradê Poly,Policarbonato,1.59,216.0,,Pagina 43,0.86
LENTES VS SOLARES PLANAS ACABADAS,Total CR-39,LENTES VS SOLARES PLANAS ACABADAS Total CR-39,Resina,1.5,222.0,,Pagina 43,0.86
LENTES VS SOLARES PLANAS ACABADAS,Total Poly,LENTES VS SOLARES PLANAS ACABADAS Total Poly,Policarbonato,1.59,222.0,,Pagina 43,0.86
