ID_Venda;Num_Parcela;Valor_Parcela;Valor_Pago;Data_Venc;Data_Pgto;Recibo;TIPO_ERRO
209;4;20,00;20,00;20/08/2016;23/06/2016;VERDADEIRO;Original
209;4;30,00;30,00;20/08/2016;24/08/2016;FALSO;Duplicata/Parcial
209;5;30,00;30,00;20/09/2016;27/06/2016;VERDADEIRO;Original
209;5;30,00;30,00;20/09/2016;06/09/2016;FALSO;Duplicata/Parcial
260;1;67,00;67,00;01/09/2016;20/06/2016;VERDADEIRO;Original
260;1;100,00;100,00;01/09/2016;20/07/2016;VERDADEIRO;Duplicata/Parcial
0;2;100,00;0,00;18/05/2016;;FALSO;Original
0;2;786,00;0,00;01/09/2016;;FALSO;Duplicata/Parcial
0;2;160,00;0,00;29/11/2016;;FALSO;Duplicata/Parcial
0;2;100,00;0,00;29/11/2016;;FALSO;Duplicata/Parcial
0;2;30,00;0,00;20/08/2017;;FALSO;Duplicata/Parcial
0;2;740,00;0,00;14/01/2018;;FALSO;Duplicata/Parcial
0;2;230,00;0,00;05/04/2018;;FALSO;Duplicata/Parcial
0;2;360,00;0,00;06/06/2018;;FALSO;Duplicata/Parcial
0;2;60,00;0,00;;;FALSO;Duplicata/Parcial
0;2;180,00;0,00;20/03/2020;;FALSO;Duplicata/Parcial
0;2;440,00;0,00;03/07/2020;;FALSO;Duplicata/Parcial
0;2;100,00;0,00;30/09/2020;;FALSO;Duplicata/Parcial
0;2;200,00;0,00;20/12/2020;;FALSO;Duplicata/Parcial
0;2;50,00;0,00;10/10/2022;;FALSO;Duplicata/Parcial
234;2;10,00;10,00;15/07/2016;14/06/2016;VERDADEIRO;Original
234;2;20,00;20,00;15/07/2016;12/07/2016;FALSO;Duplicata/Parcial
314;2;90,00;90,00;20/07/2016;19/07/2016;FALSO;Original
314;2;10,00;10,00;20/08/2016;19/07/2016;VERDADEIRO;Duplicata/Parcial
0;3;20,00;0,00;15/07/2016;;FALSO;Original
0;3;90,00;0,00;15/04/2017;;FALSO;Duplicata/Parcial
0;3;100,00;0,00;30/08/2017;;FALSO;Duplicata/Parcial
0;3;6,00;0,00;;;FALSO;Duplicata/Parcial
0;3;100,00;0,00;07/02/2019;;FALSO;Duplicata/Parcial
0;3;100,00;0,00;09/05/2019;;FALSO;Duplicata/Parcial
0;3;100,00;0,00;15/08/2020;;FALSO;Duplicata/Parcial
0;3;140,00;0,00;25/08/2024;;FALSO;Duplicata/Parcial
0;6;320,00;0,00;20/09/2016;;FALSO;Original
0;6;45,00;0,00;13/05/2017;;FALSO;Duplicata/Parcial
0;6;72,00;0,00;10/10/2017;;FALSO;Duplicata/Parcial
0;6;5,00;0,00;;;FALSO;Duplicata/Parcial
209;6;25,00;25,00;20/09/2016;26/07/2016;VERDADEIRO;Original
209;6;35,00;35,00;20/10/2016;04/10/2016;FALSO;Duplicata/Parcial
260;0;100,00;100,00;01/09/2016;22/08/2016;FALSO;Original
260;0;100,00;100,00;01/09/2016;20/09/2016;FALSO;Duplicata/Parcial
260;0;93,00;93,00;01/09/2016;26/10/2016;FALSO;Duplicata/Parcial
0;4;251,33;0,00;05/08/2016;;FALSO;Original
0;4;20,00;0,00;14/09/2016;;FALSO;Duplicata/Parcial
0;4;3,00;0,00;26/12/2017;;FALSO;Duplicata/Parcial
0;4;84,00;0,00;27/04/2021;;FALSO;Duplicata/Parcial
0;4;50,00;0,00;07/08/2024;;FALSO;Duplicata/Parcial
815;1;100,00;100,00;29/11/2016;29/10/2016;VERDADEIRO;Original
815;1;80,00;0,00;29/12/2016;;FALSO;Duplicata/Parcial
968;1;100,00;100,00;28/01/2017;08/02/2017;FALSO;Original
968;1;100,00;100,00;28/04/2017;08/05/2017;FALSO;Duplicata/Parcial
1097;4;100,00;100,00;17/02/2017;04/02/2017;FALSO;Original
1097;4;95,00;95,00;17/05/2017;04/03/2017;FALSO;Duplicata/Parcial
1493;1;110,00;120,00;10/06/2017;09/08/2017;FALSO;Original
1493;1;100,00;100,00;20/04/2018;09/05/2018;FALSO;Duplicata/Parcial
1507;1;118,00;120,00;10/06/2017;08/07/2017;FALSO;Original
1507;1;50,00;70,00;10/05/2018;11/06/2018;FALSO;Duplicata/Parcial
1666;1;150,00;150,00;31/07/2017;09/08/2017;FALSO;Original
1666;1;140,00;140,00;01/09/2017;12/09/2017;FALSO;Duplicata/Parcial
1722;1;50,00;50,00;20/08/2017;21/08/2017;VERDADEIRO;Original
1722;1;30,00;30,00;20/09/2017;02/10/2017;FALSO;Duplicata/Parcial
1735;1;100,00;100,00;24/11/2017;15/10/2017;FALSO;Original
1735;1;50,00;50,00;24/01/2018;11/12/2017;FALSO;Duplicata/Parcial
1735;2;100,00;100,00;24/08/2017;27/07/2017;VERDADEIRO;Original
1735;2;50,00;50,00;24/02/2018;04/10/2018;FALSO;Duplicata/Parcial
1735;3;100,00;100,00;24/09/2017;28/08/2017;FALSO;Original
1735;3;50,00;50,00;24/03/2018;04/10/2018;FALSO;Duplicata/Parcial
1768;2;35,00;35,00;20/09/2017;28/08/2017;VERDADEIRO;Original
1768;2;90,00;90,00;20/09/2017;25/09/2017;FALSO;Duplicata/Parcial
1819;1;100,00;100,00;11/10/2017;11/10/2017;FALSO;Original
1819;1;190,00;190,00;11/11/2017;10/11/2017;FALSO;Duplicata/Parcial
1854;1;310,00;310,00;12/10/2017;13/10/2017;FALSO;Original
1854;1;20,00;20,00;31/01/2018;28/01/2019;FALSO;Duplicata/Parcial
1904;1;50,00;50,00;25/10/2017;25/10/2017;FALSO;Original
1904;1;62,50;62,50;25/04/2018;18/04/2018;FALSO;Duplicata/Parcial
1904;1;38,00;38,00;25/08/2018;21/08/2018;FALSO;Duplicata/Parcial
2085;1;30,00;30,00;09/12/2017;22/11/2017;FALSO;Original
2085;1;27,00;27,00;09/06/2018;11/06/2018;FALSO;Duplicata/Parcial
2085;2;40,00;40,00;09/01/2018;27/12/2017;FALSO;Original
2085;2;36,00;36,00;09/07/2018;16/07/2018;FALSO;Duplicata/Parcial
2085;3;16,00;16,00;09/02/2018;01/03/2018;FALSO;Original
2085;3;20,00;20,00;09/08/2018;06/08/2018;FALSO;Duplicata/Parcial
2196;1;130,00;130,00;11/01/2018;12/01/2018;FALSO;Original
2196;1;130,00;130,00;31/01/2018;09/02/2018;FALSO;Duplicata/Parcial
0;5;226,40;0,00;10/09/2017;;FALSO;Original
0;5;10,00;0,00;;;FALSO;Duplicata/Parcial
2427;1;95,00;95,00;20/03/2018;20/02/2018;FALSO;Original
2427;1;100,00;100,00;16/12/2018;20/12/2018;FALSO;Duplicata/Parcial
2542;1;60,00;60,00;05/04/2018;09/04/2018;VERDADEIRO;Original
2542;1;100,00;100,00;05/05/2018;09/06/2018;FALSO;Duplicata/Parcial
2542;1;130,00;130,00;05/07/2018;03/07/2018;FALSO;Duplicata/Parcial
2639;1;130,00;140,00;31/05/2018;31/07/2018;FALSO;Original
2639;1;150,00;150,00;17/05/2018;18/05/2018;FALSO;Duplicata/Parcial
2643;1;65,00;65,00;30/05/2018;29/05/2018;FALSO;Original
2643;1;30,00;30,00;30/09/2018;30/08/2018;FALSO;Duplicata/Parcial
0;7;83,00;0,00;;;FALSO;Original
0;7;240,00;0,00;10/09/2024;;FALSO;Duplicata/Parcial
2727;1;100,00;100,00;06/06/2018;21/05/2018;VERDADEIRO;Original
2727;1;150,00;150,00;06/06/2018;06/06/2018;FALSO;Duplicata/Parcial
2727;1;30,00;30,00;06/07/2018;06/07/2018;FALSO;Duplicata/Parcial
3086;1;110,00;110,00;15/10/2018;15/10/2018;FALSO;Original
3086;1;60,00;60,00;15/10/2018;21/09/2020;FALSO;Duplicata/Parcial
3428;1;125,00;125,00;26/01/2019;25/01/2019;FALSO;Original
3428;1;10,00;10,00;26/07/2019;26/08/2019;FALSO;Duplicata/Parcial
3288;1;100,00;100,00;28/02/2019;29/08/2019;FALSO;Original
3288;1;50,00;50,00;28/02/2019;05/12/2019;FALSO;Duplicata/Parcial
3573;1;35,00;35,00;08/03/2019;12/03/2019;FALSO;Original
3573;1;25,00;25,00;08/07/2019;29/05/2019;FALSO;Duplicata/Parcial
3613;1;50,00;50,00;06/03/2019;06/03/2019;FALSO;Original
3613;1;50,00;50,00;06/05/2019;29/04/2019;FALSO;Duplicata/Parcial
3623;1;3,00;3,00;27/03/2019;12/04/2019;FALSO;Original
3623;1;117,00;117,00;27/04/2019;25/04/2019;FALSO;Duplicata/Parcial
3634;1;80,00;80,00;07/04/2019;04/06/2019;FALSO;Original
3634;1;60,00;60,00;10/06/2019;08/10/2020;FALSO;Duplicata/Parcial
3652;1;200,00;200,00;09/04/2019;24/04/2020;FALSO;Original
3652;1;50,00;50,00;09/04/2019;20/07/2020;FALSO;Duplicata/Parcial
3814;1;50,00;50,00;05/05/2019;06/05/2019;FALSO;Original
3814;1;20,00;20,00;05/05/2019;05/06/2019;FALSO;Duplicata/Parcial
4161;1;200,00;200,00;10/09/2019;08/11/2019;FALSO;Original
4161;1;60,00;60,00;10/02/2021;12/03/2021;FALSO;Duplicata/Parcial
4215;1;30,00;30,00;02/09/2019;08/10/2019;FALSO;Original
4215;1;55,00;55,00;02/09/2019;27/05/2021;FALSO;Duplicata/Parcial
4550;1;30,00;30,00;02/01/2020;30/12/2019;VERDADEIRO;Original
4550;1;30,00;30,00;02/02/2020;30/01/2020;FALSO;Duplicata/Parcial
4808;1;89,00;89,00;29/02/2020;07/05/2020;FALSO;Original
4808;1;50,00;50,00;29/02/2020;04/02/2022;FALSO;Duplicata/Parcial
4808;1;51,00;51,00;10/07/2020;30/12/2022;FALSO;Duplicata/Parcial
4808;2;50,00;50,00;29/03/2020;06/08/2020;FALSO;Original
4808;2;50,00;50,00;29/03/2020;02/07/2022;FALSO;Duplicata/Parcial
4849;1;250,00;250,00;03/03/2020;02/03/2020;FALSO;Original
4849;1;135,00;135,00;03/07/2020;20/07/2020;VERDADEIRO;Duplicata/Parcial
4849;1;220,00;220,00;03/08/2020;01/09/2020;FALSO;Duplicata/Parcial
4861;1;180,00;180,00;26/02/2020;22/05/2020;FALSO;Original
4861;1;100,00;100,00;26/12/2020;10/12/2020;FALSO;Duplicata/Parcial
4861;1;120,00;120,00;26/02/2020;03/04/2021;FALSO;Duplicata/Parcial
4901;1;205,00;205,00;05/04/2020;02/04/2020;FALSO;Original
4901;1;100,00;100,00;05/03/2020;29/04/2021;FALSO;Duplicata/Parcial
4901;1;156,00;156,00;05/06/2021;04/08/2021;FALSO;Duplicata/Parcial
5127;1;64,00;64,00;10/06/2020;20/07/2020;FALSO;Original
5127;1;0,00;0,00;10/06/2020;;FALSO;Duplicata/Parcial
5132;1;150,00;150,00;10/07/2020;02/07/2020;FALSO;Original
5132;1;50,00;50,00;10/08/2020;02/08/2021;FALSO;Duplicata/Parcial
5132;2;140,00;140,00;10/08/2020;07/08/2020;FALSO;Original
5132;2;50,00;50,00;10/09/2020;02/09/2021;FALSO;Duplicata/Parcial
5094;1;130,00;130,00;15/07/2020;05/08/2020;FALSO;Original
5094;1;130,00;130,00;15/02/2021;08/02/2021;FALSO;Duplicata/Parcial
5094;1;200,00;200,00;15/07/2020;01/08/2022;FALSO;Duplicata/Parcial
5094;2;130,00;130,00;15/08/2020;15/09/2020;FALSO;Original
5094;2;130,00;130,00;15/03/2021;09/04/2021;FALSO;Duplicata/Parcial
5094;2;92,00;92,00;15/08/2020;12/09/2022;VERDADEIRO;Duplicata/Parcial
5094;3;130,00;130,00;15/09/2020;06/10/2020;FALSO;Original
5094;3;130,00;130,00;15/04/2021;09/04/2021;FALSO;Duplicata/Parcial
5094;3;100,00;100,00;15/08/2020;24/02/2023;FALSO;Duplicata/Parcial
5094;4;130,00;130,00;15/10/2020;06/11/2020;FALSO;Original
5094;4;130,00;130,00;15/05/2021;11/05/2021;FALSO;Duplicata/Parcial
5094;6;100,00;100,00;15/12/2020;05/01/2021;FALSO;Original
5094;6;200,00;200,00;15/06/2021;09/05/2022;FALSO;Duplicata/Parcial
5337;1;50,00;50,00;30/09/2020;04/09/2020;FALSO;Original
5337;1;50,00;50,00;30/09/2020;26/09/2020;FALSO;Duplicata/Parcial
5337;1;50,00;50,00;30/09/2020;28/10/2020;VERDADEIRO;Duplicata/Parcial
5337;1;50,00;50,00;30/11/2020;11/12/2020;FALSO;Duplicata/Parcial
5455;1;60,00;60,00;05/10/2020;08/10/2020;FALSO;Original
5455;1;40,00;0,00;05/10/2020;;FALSO;Duplicata/Parcial
5548;1;68,00;68,00;15/11/2020;16/11/2020;FALSO;Original
5548;1;68,00;68,00;15/04/2021;17/03/2021;FALSO;Duplicata/Parcial
5682;1;100,00;100,00;20/12/2020;06/02/2021;VERDADEIRO;Original
5682;1;100,00;100,00;20/03/2021;09/06/2021;FALSO;Duplicata/Parcial
5934;1;150,00;150,00;13/02/2021;08/02/2021;FALSO;Original
5934;1;70,00;70,00;13/02/2021;05/08/2021;FALSO;Duplicata/Parcial
5892;1;170,00;170,00;23/02/2021;02/07/2021;FALSO;Original
5892;1;170,00;0,00;23/02/2021;;FALSO;Duplicata/Parcial
5998;1;200,00;200,00;04/03/2021;11/03/2021;FALSO;Original
5998;1;50,00;50,00;04/04/2021;09/04/2021;FALSO;Duplicata/Parcial
6103;1;105,00;0,00;10/04/2021;;FALSO;Original
6103;1;105,00;0,00;10/04/2021;;FALSO;Duplicata/Parcial
6103;2;105,00;0,00;10/05/2021;;FALSO;Original
6103;2;105,00;0,00;10/05/2021;;FALSO;Duplicata/Parcial
6103;3;105,00;0,00;10/06/2021;;FALSO;Original
6103;3;105,00;0,00;10/06/2021;;FALSO;Duplicata/Parcial
6103;4;105,00;0,00;10/07/2021;;FALSO;Original
6103;4;105,00;0,00;10/07/2021;;FALSO;Duplicata/Parcial
6133;1;150,00;150,00;24/04/2021;28/04/2021;FALSO;Original
6133;1;90,00;90,00;24/10/2021;08/11/2021;FALSO;Duplicata/Parcial
6262;1;385,00;385,00;15/06/2021;09/06/2021;FALSO;Original
6262;1;210,00;210,00;10/06/2021;06/06/2022;FALSO;Duplicata/Parcial
6450;1;100,00;100,00;21/08/2021;04/09/2021;VERDADEIRO;Original
6450;1;50,00;0,00;21/08/2021;;FALSO;Duplicata/Parcial
7439;1;50,00;50,00;19/05/2022;13/05/2022;FALSO;Original
7439;1;20,00;20,00;24/06/2022;05/07/2022;FALSO;Duplicata/Parcial
7499;1;157,50;0,00;06/06/2022;;FALSO;Original
7499;1;157,50;0,00;06/06/2022;;FALSO;Duplicata/Parcial
7499;2;157,50;0,00;06/07/2022;;FALSO;Original
7499;2;157,50;0,00;06/07/2022;;FALSO;Duplicata/Parcial
7499;3;157,50;0,00;06/08/2022;;FALSO;Original
7499;3;157,50;0,00;06/08/2022;;FALSO;Duplicata/Parcial
7499;4;157,50;0,00;06/09/2022;;FALSO;Original
7499;4;157,50;0,00;06/09/2022;;FALSO;Duplicata/Parcial
7582;1;100,00;100,00;03/07/2022;08/06/2022;VERDADEIRO;Original
7582;1;60,00;60,00;03/07/2022;08/11/2022;FALSO;Duplicata/Parcial
7582;1;50,00;50,00;03/07/2022;28/12/2022;FALSO;Duplicata/Parcial
7582;4;50,00;50,00;03/10/2022;13/10/2022;FALSO;Original
7582;4;50,00;50,00;03/10/2022;07/12/2022;FALSO;Duplicata/Parcial
7660;1;936,00;936,00;22/07/2022;25/07/2022;FALSO;Original
7660;1;936,00;936,00;22/07/2022;31/03/2023;FALSO;Duplicata/Parcial
7904;1;200,00;200,00;10/10/2022;23/09/2022;VERDADEIRO;Original
7904;1;50,00;50,00;10/10/2022;05/06/2023;FALSO;Duplicata/Parcial
8042;1;70,00;70,00;14/11/2022;16/11/2022;FALSO;Original
8042;1;70,00;70,00;14/11/2022;21/11/2022;FALSO;Duplicata/Parcial
8189;1;190,00;190,00;10/01/2023;13/01/2023;FALSO;Original
8189;1;100,00;100,00;10/06/2023;13/07/2023;FALSO;Duplicata/Parcial
8352;1;100,00;100,00;10/02/2023;06/01/2023;VERDADEIRO;Original
8352;1;50,00;50,00;10/02/2023;13/07/2023;FALSO;Duplicata/Parcial
8352;2;50,00;50,00;10/03/2023;07/02/2023;FALSO;Original
8352;2;50,00;50,00;10/03/2023;07/08/2023;FALSO;Duplicata/Parcial
8352;3;100,00;100,00;10/04/2023;07/03/2023;FALSO;Original
8352;3;100,00;100,00;10/04/2023;09/02/2024;FALSO;Duplicata/Parcial
8352;4;100,00;100,00;10/05/2023;08/05/2023;FALSO;Original
8352;4;0,00;0,00;10/05/2023;;FALSO;Duplicata/Parcial
8476;1;200,00;200,00;28/02/2023;24/02/2023;FALSO;Original
8476;1;130,00;130,00;28/03/2023;27/04/2023;FALSO;Duplicata/Parcial
8486;1;100,00;100,00;10/03/2023;09/03/2023;FALSO;Original
8486;1;200,00;200,00;10/03/2023;10/04/2023;FALSO;Duplicata/Parcial
8486;2;80,00;80,00;10/04/2023;27/03/2023;FALSO;Original
8486;2;140,00;140,00;10/04/2023;26/04/2023;FALSO;Duplicata/Parcial
8560;1;300,00;300,00;08/04/2023;29/06/2023;FALSO;Original
8560;1;385,00;0,00;08/04/2023;;FALSO;Duplicata/Parcial
8616;1;120,00;120,00;21/04/2023;31/03/2023;FALSO;Original
8616;1;502,00;502,00;21/04/2023;08/03/2024;FALSO;Duplicata/Parcial
8616;1;0,00;0,00;21/02/2024;;FALSO;Duplicata/Parcial
8930;1;300,00;300,00;17/07/2023;27/06/2023;FALSO;Original
8930;1;300,00;300,00;17/07/2023;22/08/2023;FALSO;Duplicata/Parcial
8930;1;300,00;300,00;17/08/2023;18/09/2023;FALSO;Duplicata/Parcial
9031;1;190,00;190,00;14/08/2023;06/09/2023;FALSO;Original
9031;1;60,00;60,00;14/08/2023;17/10/2023;FALSO;Duplicata/Parcial
9119;1;100,00;100,00;09/09/2023;05/09/2023;FALSO;Original
9119;1;100,00;100,00;09/09/2023;07/12/2023;FALSO;Duplicata/Parcial
9405;1;160,00;160,00;05/12/2023;05/12/2023;FALSO;Original
9405;1;100,00;100,00;05/01/2024;08/01/2024;FALSO;Duplicata/Parcial
9536;1;60,00;60,00;30/01/2024;31/01/2024;FALSO;Original
9536;1;130,00;130,00;29/02/2024;01/02/2024;FALSO;Duplicata/Parcial
9270;0;100,00;100,00;06/04/2024;05/04/2024;FALSO;Original
9270;0;100,00;100,00;06/05/2024;04/05/2024;FALSO;Duplicata/Parcial
9270;0;80,00;80,00;06/06/2024;05/06/2024;FALSO;Duplicata/Parcial
9270;0;50,00;50,00;06/07/2024;05/07/2024;FALSO;Duplicata/Parcial
9270;0;50,00;50,00;06/08/2024;05/08/2024;FALSO;Duplicata/Parcial
9919;1;200,00;200,00;04/05/2024;04/11/2024;FALSO;Original
9919;1;80,00;80,00;09/11/2024;17/12/2024;FALSO;Duplicata/Parcial
10588;1;480,00;480,00;16/01/2025;16/01/2025;FALSO;Original
10588;1;100,00;100,00;31/01/2025;10/03/2025;FALSO;Duplicata/Parcial
10588;1;100,00;100,00;10/04/2025;09/04/2025;FALSO;Duplicata/Parcial
10588;1;100,00;100,00;10/05/2025;08/05/2025;FALSO;Duplicata/Parcial
10588;1;100,00;100,00;10/06/2025;13/06/2025;FALSO;Duplicata/Parcial
10646;1;200,00;200,00;06/01/2025;10/02/2025;FALSO;Original
10646;1;200,00;0,00;06/01/2025;;FALSO;Duplicata/Parcial
