fonte_tabela,laboratorio,pagina_pdf,bloco_visual,familia,produto,design,material,indice_refracao,tratamento,nota_disponibilidade,missing_reason
PVC,Essilor,12,Lentes Essilor,VS Essilor Surfaçada,Surfaçada,Orma,1.50,Crizal Prevencia,Crizal Prevencia,,missing_price_unknown
PVC,Essilor,12,Lentes Essilor,VS Essilor Surfaçada,Surfaçada,Orma,1.50,Crizal Sapphire HR,Crizal Sapphire HR,,missing_price_unknown
PVC,Essilor,12,Lentes Essilor,VS Essilor Surfaçada,Surfaçada,Orma,1.50,Crizal Rock,Crizal Rock,,missing_price_unknown
PVC,Essilor,12,Lentes Essilor,VS Essilor Surfaçada,Surfaçada,Orma,1.50,Crizal Easy Pro,Crizal Easy Pro,,missing_price_unknown
PVC,Essilor,12,Lentes Essilor,VS Essilor Surfaçada,Surfaçada,Orma,1.50,Optifog,Optifog,,missing_price_unknown
PVC,Essilor,12,Lentes Essilor,VS Essilor Surfaçada,Surfaçada,Orma,1.50,No Reflex,No Reflex,,missing_price_unknown
PVC,Essilor,12,Lentes Essilor,VS Essilor Surfaçada,Surfaçada,Orma,1.50,Trio Easy Clean,Trio Easy Clean,,missing_price_unknown
PVC,Essilor,12,Lentes Essilor,VS Essilor Surfaçada,Surfaçada,Orma,1.50,Crizal Prevencia,Crizal Prevencia,,missing_price_unknown
PVC,Essilor,12,Lentes Essilor,VS Essilor Surfaçada,Surfaçada,Orma,1.50,Crizal Sapphire HR,Crizal Sapphire HR,,missing_price_unknown
PVC,Essilor,12,Lentes Essilor,VS Essilor Surfaçada,Surfaçada,Orma,1.50,Crizal Rock,Crizal Rock,,missing_price_unknown
PVC,Essilor,12,Lentes Essilor,VS Essilor Surfaçada,Surfaçada,Orma,1.50,Crizal Easy Pro,Crizal Easy Pro,,missing_price_unknown
PVC,Essilor,12,Lentes Essilor,VS Essilor Surfaçada,Surfaçada,Orma,1.50,Optifog,Optifog,,missing_price_unknown
PVC,Essilor,12,Lentes Essilor,VS Essilor Surfaçada,Surfaçada,Orma,1.50,Trio Easy Clean,Trio Easy Clean,,missing_price_unknown
PVC,Essilor,12,Lentes Essilor,VS Essilor Surfaçada,Surfaçada,Orma,1.50,No Reflex,No Reflex,,missing_price_unknown
PVC,Essilor,12,Lentes Essilor,VS Essilor Surfaçada,Surfaçada,Orma,1.50,Crizal Prevencia,Crizal Prevencia,,missing_price_unknown
PVC,Essilor,12,Lentes Essilor,VS Essilor Surfaçada,Surfaçada,Orma,1.50,Crizal Sapphire HR,Crizal Sapphire HR,,missing_price_unknown
PVC,Essilor,12,Lentes Essilor,VS Essilor Surfaçada,Surfaçada,Orma,1.50,Crizal Rock,Crizal Rock,,missing_price_unknown
PVC,Essilor,12,Lentes Essilor,VS Essilor Surfaçada,Surfaçada,Orma,1.50,Crizal Easy Pro,Crizal Easy Pro,,missing_price_unknown
PVC,Essilor,12,Lentes Essilor,VS Essilor Surfaçada,Surfaçada,Orma,1.50,Optifog,Optifog,,missing_price_unknown
PVC,Essilor,12,Lentes Essilor,VS Essilor Surfaçada,Surfaçada,Orma,1.50,Trio Easy Clean,Trio Easy Clean,,missing_price_unknown
PVC,Essilor,12,Lentes Essilor,VS Essilor Surfaçada,Surfaçada,Orma,1.50,No Reflex,No Reflex,,missing_price_unknown
PVC,Essilor,12,Lentes Essilor,VS Essilor Surfaçada,Surfaçada,Airwear,1.59,Crizal Sapphire HR,Crizal Sapphire HR,,missing_price_unknown
PVC,Essilor,12,Lentes Essilor,VS Essilor Surfaçada,Surfaçada,Airwear,1.59,Crizal Rock,Crizal Rock,,missing_price_unknown
PVC,Essilor,12,Lentes Essilor,VS Essilor Surfaçada,Surfaçada,Airwear,1.59,Crizal Easy Pro,Crizal Easy Pro,,missing_price_unknown
PVC,Essilor,12,Lentes Essilor,VS Essilor Surfaçada,Surfaçada,Airwear,1.59,Optifog,Optifog,,missing_price_unknown
PVC,Essilor,12,Lentes Essilor,VS Essilor Surfaçada,Surfaçada,Airwear,1.59,No Reflex,No Reflex,,missing_price_unknown
PVC,Essilor,12,Lentes Essilor,VS Essilor Surfaçada,Surfaçada,Airwear,1.59,Trio Easy Clean,Trio Easy Clean,,missing_price_unknown
PVC,Essilor,12,Lentes Essilor,VS Essilor Surfaçada,Surfaçada,Airwear,1.59,Crizal Prevencia,Crizal Prevencia,,missing_price_unknown
PVC,Essilor,12,Lentes Essilor,VS Essilor Surfaçada,Surfaçada,Airwear,1.59,Crizal Sapphire HR,Crizal Sapphire HR,,missing_price_unknown
PVC,Essilor,12,Lentes Essilor,VS Essilor Surfaçada,Surfaçada,Airwear,1.59,Crizal Rock,Crizal Rock,,missing_price_unknown
PVC,Essilor,12,Lentes Essilor,VS Essilor Surfaçada,Surfaçada,Airwear,1.59,Crizal Easy Pro,Crizal Easy Pro,,missing_price_unknown
PVC,Essilor,12,Lentes Essilor,VS Essilor Surfaçada,Surfaçada,Airwear,1.59,Optifog,Optifog,,missing_price_unknown
PVC,Essilor,12,Lentes Essilor,VS Essilor Surfaçada,Surfaçada,Airwear,1.59,Trio Easy Clean,Trio Easy Clean,,missing_price_unknown
PVC,Essilor,12,Lentes Essilor,VS Essilor Surfaçada,Surfaçada,Airwear,1.59,No Reflex,No Reflex,,missing_price_unknown
PVC,Essilor,12,Lentes Essilor,VS Essilor Surfaçada,Surfaçada,Airwear,1.59,Crizal Prevencia,Crizal Prevencia,,missing_price_unknown
PVC,Essilor,12,Lentes Essilor,VS Essilor Surfaçada,Surfaçada,Airwear,1.59,Crizal Sapphire HR,Crizal Sapphire HR,,missing_price_unknown
PVC,Essilor,12,Lentes Essilor,VS Essilor Surfaçada,Surfaçada,Airwear,1.59,Crizal Rock,Crizal Rock,,missing_price_unknown
PVC,Essilor,12,Lentes Essilor,VS Essilor Surfaçada,Surfaçada,Airwear,1.59,Crizal Easy Pro,Crizal Easy Pro,,missing_price_unknown
PVC,Essilor,12,Lentes Essilor,VS Essilor Surfaçada,Surfaçada,Airwear,1.59,Optifog,Optifog,,missing_price_unknown
PVC,Essilor,12,Lentes Essilor,VS Essilor Surfaçada,Surfaçada,Airwear,1.59,Trio Easy Clean,Trio Easy Clean,,missing_price_unknown
PVC,Essilor,12,Lentes Essilor,VS Essilor Surfaçada,Surfaçada,Airwear,1.59,No Reflex,No Reflex,,missing_price_unknown
PVC,Essilor,12,Lentes Essilor,VS Essilor Surfaçada,Surfaçada,Stylis 1.67,1.67,Crizal Sapphire HR,Crizal Sapphire HR,,missing_price_unknown
PVC,Essilor,12,Lentes Essilor,VS Essilor Surfaçada,Surfaçada,Stylis 1.67,1.67,Crizal Rock,Crizal Rock,,missing_price_unknown
PVC,Essilor,12,Lentes Essilor,VS Essilor Surfaçada,Surfaçada,Stylis 1.67,1.67,Crizal Easy Pro,Crizal Easy Pro,,missing_price_unknown
PVC,Essilor,12,Lentes Essilor,VS Essilor Surfaçada,Surfaçada,Stylis 1.67,1.67,Optifog,Optifog,,missing_price_unknown
PVC,Essilor,12,Lentes Essilor,VS Essilor Surfaçada,Surfaçada,Stylis 1.67,1.67,Crizal Prevencia,Crizal Prevencia,,missing_price_unknown
PVC,Essilor,12,Lentes Essilor,VS Essilor Surfaçada,Surfaçada,Stylis 1.67,1.67,Crizal Sapphire HR,Crizal Sapphire HR,,missing_price_unknown
PVC,Essilor,12,Lentes Essilor,VS Essilor Surfaçada,Surfaçada,Stylis 1.67,1.67,Crizal Rock,Crizal Rock,,missing_price_unknown
PVC,Essilor,12,Lentes Essilor,VS Essilor Surfaçada,Surfaçada,Stylis 1.67,1.67,Crizal Easy Pro,Crizal Easy Pro,,missing_price_unknown
PVC,Essilor,12,Lentes Essilor,VS Essilor Surfaçada,Surfaçada,Stylis 1.67,1.67,Optifog,Optifog,,missing_price_unknown
PVC,Essilor,12,Lentes Essilor,VS Essilor Surfaçada,Surfaçada,Stylis 1.74,1.74,Crizal Sapphire HR,Crizal Sapphire HR,,missing_price_unknown
PVO,Essilor,12,Lentes Essilor,VS Essilor Surfaçada,Surfaçada,Orma,1.50,Crizal Prevencia,Crizal Prevencia,,missing_price_unknown
PVO,Essilor,12,Lentes Essilor,VS Essilor Surfaçada,Surfaçada,Orma,1.50,Crizal Sapphire HR,Crizal Sapphire HR,,missing_price_unknown
PVO,Essilor,12,Lentes Essilor,VS Essilor Surfaçada,Surfaçada,Orma,1.50,Crizal Rock,Crizal Rock,,missing_price_unknown
PVO,Essilor,12,Lentes Essilor,VS Essilor Surfaçada,Surfaçada,Orma,1.50,Crizal Easy Pro,Crizal Easy Pro,,missing_price_unknown
PVO,Essilor,12,Lentes Essilor,VS Essilor Surfaçada,Surfaçada,Orma,1.50,Optifog,Optifog,,missing_price_unknown
PVO,Essilor,12,Lentes Essilor,VS Essilor Surfaçada,Surfaçada,Orma,1.50,No Reflex,No Reflex,,missing_price_unknown
PVO,Essilor,12,Lentes Essilor,VS Essilor Surfaçada,Surfaçada,Orma,1.50,Trio Easy Clean,Trio Easy Clean,,missing_price_unknown
PVO,Essilor,12,Lentes Essilor,VS Essilor Surfaçada,Surfaçada,Orma,1.50,Blue UV,Blue UV,,missing_price_unknown
PVO,Essilor,12,Lentes Essilor,VS Essilor Surfaçada,Surfaçada,Orma,1.50,Crizal Prevencia,Crizal Prevencia,,missing_price_unknown
PVO,Essilor,12,Lentes Essilor,VS Essilor Surfaçada,Surfaçada,Orma,1.50,Crizal Sapphire HR,Crizal Sapphire HR,,missing_price_unknown
PVO,Essilor,12,Lentes Essilor,VS Essilor Surfaçada,Surfaçada,Orma,1.50,Crizal Rock,Crizal Rock,,missing_price_unknown
PVO,Essilor,12,Lentes Essilor,VS Essilor Surfaçada,Surfaçada,Orma,1.50,Crizal Easy Pro,Crizal Easy Pro,,missing_price_unknown
PVO,Essilor,12,Lentes Essilor,VS Essilor Surfaçada,Surfaçada,Orma,1.50,Optifog,Optifog,,missing_price_unknown
PVO,Essilor,12,Lentes Essilor,VS Essilor Surfaçada,Surfaçada,Orma,1.50,Trio Easy Clean,Trio Easy Clean,,missing_price_unknown
PVO,Essilor,12,Lentes Essilor,VS Essilor Surfaçada,Surfaçada,Orma,1.50,No Reflex,No Reflex,,missing_price_unknown
PVO,Essilor,12,Lentes Essilor,VS Essilor Surfaçada,Surfaçada,Orma,1.50,Crizal Prevencia,Crizal Prevencia,,missing_price_unknown
PVO,Essilor,12,Lentes Essilor,VS Essilor Surfaçada,Surfaçada,Orma,1.50,Crizal Sapphire HR,Crizal Sapphire HR,,missing_price_unknown
PVO,Essilor,12,Lentes Essilor,VS Essilor Surfaçada,Surfaçada,Orma,1.50,Crizal Rock,Crizal Rock,,missing_price_unknown
PVO,Essilor,12,Lentes Essilor,VS Essilor Surfaçada,Surfaçada,Orma,1.50,Crizal Easy Pro,Crizal Easy Pro,,missing_price_unknown
PVO,Essilor,12,Lentes Essilor,VS Essilor Surfaçada,Surfaçada,Orma,1.50,Optifog,Optifog,,missing_price_unknown
PVO,Essilor,12,Lentes Essilor,VS Essilor Surfaçada,Surfaçada,Orma,1.50,Trio Easy Clean,Trio Easy Clean,,missing_price_unknown
PVO,Essilor,12,Lentes Essilor,VS Essilor Surfaçada,Surfaçada,Orma,1.50,No Reflex,No Reflex,,missing_price_unknown
PVO,Essilor,12,Lentes Essilor,VS Essilor Surfaçada,Surfaçada,Airwear,1.59,Crizal Prevencia,Crizal Prevencia,,missing_price_unknown
PVO,Essilor,12,Lentes Essilor,VS Essilor Surfaçada,Surfaçada,Airwear,1.59,Crizal Sapphire HR,Crizal Sapphire HR,,missing_price_unknown
PVO,Essilor,12,Lentes Essilor,VS Essilor Surfaçada,Surfaçada,Airwear,1.59,Crizal Rock,Crizal Rock,,missing_price_unknown
PVO,Essilor,12,Lentes Essilor,VS Essilor Surfaçada,Surfaçada,Airwear,1.59,Crizal Easy Pro,Crizal Easy Pro,,missing_price_unknown
PVO,Essilor,12,Lentes Essilor,VS Essilor Surfaçada,Surfaçada,Airwear,1.59,Optifog,Optifog,,missing_price_unknown
PVO,Essilor,12,Lentes Essilor,VS Essilor Surfaçada,Surfaçada,Airwear,1.59,No Reflex,No Reflex,,missing_price_unknown
PVO,Essilor,12,Lentes Essilor,VS Essilor Surfaçada,Surfaçada,Airwear,1.59,Trio Easy Clean,Trio Easy Clean,,missing_price_unknown
PVO,Essilor,12,Lentes Essilor,VS Essilor Surfaçada,Surfaçada,Airwear,1.59,Blue UV,Blue UV,,missing_price_unknown
PVO,Essilor,12,Lentes Essilor,VS Essilor Surfaçada,Surfaçada,Airwear,1.59,Crizal Prevencia,Crizal Prevencia,,missing_price_unknown
PVO,Essilor,12,Lentes Essilor,VS Essilor Surfaçada,Surfaçada,Airwear,1.59,Crizal Sapphire HR,Crizal Sapphire HR,,missing_price_unknown
PVO,Essilor,12,Lentes Essilor,VS Essilor Surfaçada,Surfaçada,Airwear,1.59,Crizal Rock,Crizal Rock,,missing_price_unknown
PVO,Essilor,12,Lentes Essilor,VS Essilor Surfaçada,Surfaçada,Airwear,1.59,Crizal Easy Pro,Crizal Easy Pro,,missing_price_unknown
PVO,Essilor,12,Lentes Essilor,VS Essilor Surfaçada,Surfaçada,Airwear,1.59,Optifog,Optifog,,missing_price_unknown
PVO,Essilor,12,Lentes Essilor,VS Essilor Surfaçada,Surfaçada,Airwear,1.59,Trio Easy Clean,Trio Easy Clean,,missing_price_unknown
PVO,Essilor,12,Lentes Essilor,VS Essilor Surfaçada,Surfaçada,Airwear,1.59,No Reflex,No Reflex,,missing_price_unknown
PVO,Essilor,12,Lentes Essilor,VS Essilor Surfaçada,Surfaçada,Airwear,1.59,Crizal Prevencia,Crizal Prevencia,,missing_price_unknown
PVO,Essilor,12,Lentes Essilor,VS Essilor Surfaçada,Surfaçada,Airwear,1.59,Crizal Sapphire HR,Crizal Sapphire HR,,missing_price_unknown
PVO,Essilor,12,Lentes Essilor,VS Essilor Surfaçada,Surfaçada,Airwear,1.59,Crizal Rock,Crizal Rock,,missing_price_unknown
PVO,Essilor,12,Lentes Essilor,VS Essilor Surfaçada,Surfaçada,Airwear,1.59,Crizal Easy Pro,Crizal Easy Pro,,missing_price_unknown
PVO,Essilor,12,Lentes Essilor,VS Essilor Surfaçada,Surfaçada,Airwear,1.59,Optifog,Optifog,,missing_price_unknown
PVO,Essilor,12,Lentes Essilor,VS Essilor Surfaçada,Surfaçada,Airwear,1.59,Trio Easy Clean,Trio Easy Clean,,missing_price_unknown
PVO,Essilor,12,Lentes Essilor,VS Essilor Surfaçada,Surfaçada,Airwear,1.59,No Reflex,No Reflex,,missing_price_unknown
PVO,Essilor,12,Lentes Essilor,VS Essilor Surfaçada,Surfaçada,Stylis 1.67,1.67,Crizal Prevencia,Crizal Prevencia,,missing_price_unknown
PVO,Essilor,12,Lentes Essilor,VS Essilor Surfaçada,Surfaçada,Stylis 1.67,1.67,Crizal Sapphire HR,Crizal Sapphire HR,,missing_price_unknown
PVO,Essilor,12,Lentes Essilor,VS Essilor Surfaçada,Surfaçada,Stylis 1.67,1.67,Crizal Rock,Crizal Rock,,missing_price_unknown
PVO,Essilor,12,Lentes Essilor,VS Essilor Surfaçada,Surfaçada,Stylis 1.67,1.67,Crizal Easy Pro,Crizal Easy Pro,,missing_price_unknown
PVO,Essilor,12,Lentes Essilor,VS Essilor Surfaçada,Surfaçada,Stylis 1.67,1.67,Optifog,Optifog,,missing_price_unknown
PVO,Essilor,12,Lentes Essilor,VS Essilor Surfaçada,Surfaçada,Stylis 1.67,1.67,Crizal Prevencia,Crizal Prevencia,,missing_price_unknown
PVO,Essilor,12,Lentes Essilor,VS Essilor Surfaçada,Surfaçada,Stylis 1.67,1.67,Crizal Sapphire HR,Crizal Sapphire HR,,missing_price_unknown
PVO,Essilor,12,Lentes Essilor,VS Essilor Surfaçada,Surfaçada,Stylis 1.67,1.67,Crizal Rock,Crizal Rock,,missing_price_unknown
PVO,Essilor,12,Lentes Essilor,VS Essilor Surfaçada,Surfaçada,Stylis 1.67,1.67,Crizal Easy Pro,Crizal Easy Pro,,missing_price_unknown
PVO,Essilor,12,Lentes Essilor,VS Essilor Surfaçada,Surfaçada,Stylis 1.67,1.67,Optifog,Optifog,,missing_price_unknown
PVO,Essilor,12,Lentes Essilor,VS Essilor Surfaçada,Surfaçada,Stylis 1.74,1.74,Crizal Sapphire HR,Crizal Sapphire HR,,missing_price_unknown
PVO,Essilor,12,Lentes Essilor,VS Essilor Surfaçada,Surfaçada,Stylis 1.74,1.74,Crizal Sapphire HR,Crizal Sapphire HR,,missing_price_unknown
PVO,Essilor,12,Lentes Essilor,VS Essilor Surfaçada,Surfaçada,Orma,1.50,Xperio Marrom,Xperio,,missing_price_unknown
PVO,Essilor,12,Lentes Essilor,VS Essilor Surfaçada,Surfaçada,Orma,1.50,Xperio Verde,Xperio,,missing_price_unknown
PVO,Essilor,12,Lentes Essilor,VS Essilor Surfaçada,Surfaçada,Airwear,1.59,Xperio Marrom,Xperio,,missing_price_unknown
PVO,Essilor,12,Lentes Essilor,VS Essilor Surfaçada,Surfaçada,Airwear,1.59,Xperio Verde,Xperio,,missing_price_unknown
